user_id	screen_name	account_type	political_affiliation	display_name
1003672320781807616	GovParsonMO	Political - Elected Official	Republican / Right	Governor Mike Parson
1006419421244678144	GretaThunberg	Political - Other	Democrat / Left	Greta Thunberg
1009577803304656896	itsJeffTiedrich	Political - Other	Democrat / Left	Jeff Tiedrich
101005636	travisakers	Political - Other	Democrat / Left	Travis Akers
1011741185839333376	Relentlessbored	Political - Other	Democrat / Left	Brett
1011970623470489601	DWUhlfelderLaw	Political - Other	Democrat / Left	Daniel Uhlfelder
102071743	GovWhitmer	Political - Elected Official	Democrat / Left	Governor Gretchen Whitmer
1023196198537232386	Richard04310134	Political - Other	Republican / Right	One Voice
1040058893907513344	GovLauraKelly	Political - Elected Official	Democrat / Left	Governor Laura Kelly
104198706	GovernorVA	Political - Elected Official	Democrat / Left	Ralph Northam
1043185714437992449	catturd2	Political - Other	Republican / Right	Catturd ‚Ñ¢
1051396218	EvanMcMullin	Political - Other	Republican / Right	Evan McMullin
1055907624	joekennedy	Political - Elected Official	Democrat / Left	Rep. Joe Kennedy III
1058807868	GovRonDeSantis	Political - Elected Official	Republican / Right	Ron DeSantis
1060487274	RepDougCollins	Political - Elected Official	Republican / Right	Rep. Doug Collins
1064603540956565504	GovTimWalz	Political - Elected Official	Democrat / Left	Governor Tim Walz
1064659902071808000	GovKemp	Political - Elected Official	Republican / Right	Governor Brian P. Kemp
1070083706822438912	GovMLG	Political - Elected Official	Democrat / Left	Michelle Lujan Grisham
1074480192	SenTedCruz	Political - Elected Official	Republican / Right	Senator Ted Cruz
1075121162743676928	H_MitchellPhoto	Political - Other	Democrat / Left	Hamish Mitchell
1076293903723233280	GovNedLamont	Political - Elected Official	Democrat / Left	Governor Ned Lamont
1077214808	GovInslee	Political - Elected Official	Democrat / Left	Governor Jay Inslee
1078457644736827392	RobertCooper58	Political - Other	Democrat / Left	Robert Cooper
1079776144524754944	NikkiHaley	Political - Elected Official	Republican / Right	Nikki Haley
1080586433088258048	GovSisolak	Political - Elected Official	Democrat / Left	Governor Sisolak
1080894931311431682	RepDanCrenshaw	Political - Elected Official	Republican / Right	Rep. Dan Crenshaw
1081222837459996672	RepKatiePorter	Political - Elected Official	Democrat / Left	Rep. Katie Porter
1081334766924754944	GovernorGordon	Political - Elected Official	Republican / Right	Governor Mark Gordon
1082334352711790593	Ilhan	Political - Elected Official	Democrat / Left	Rep. Ilhan Omar
1083795319027089408	GovJanetMills	Political - Elected Official	Democrat / Left	Governor Janet Mills
1084817523378454529	GovPritzker	Political - Elected Official	Democrat / Left	Governor JB Pritzker
1084924525232513025	GovBillLee	Political - Elected Official	Republican / Right	Gov. Bill Lee
1090715513586679813	JoshuaPotash	Political - Other	Democrat / Left	Joshua Potash
109287731	SenatorShaheen	Political - Elected Official	Democrat / Left	Sen. Jeanne Shaheen
1093774442264707072	VincentCrypt46	Political - Other	Republican / Right	Vincent Kennedy
1094713876132872192	MysterySolvent	Political - Other	Democrat / Left	Mystery Solvent
1113828112503115776	ThePubliusUSA	Political - Other	Democrat / Left	A Worried Citizen
1114307317821005826	JohnCooper4Nash	Political - Elected Official	Democrat / Left	Mayor John Cooper
1114631166	ConservaMomUSA	Political - Other	Republican / Right	DrConservaMom
111721601	GovernorBullock	Political - Elected Official	Democrat / Left	Steve Bullock
1127744603061276672	RealMiniAOC	Political - Other	Republican / Right	Mini AOC
1129901605443317760	chicagosmayor	Political - Elected Official	Democrat / Left	Mayor Lori Lightfoot
11347122	GavinNewsom	Political - Elected Official	Democrat / Left	Gavin Newsom
113724715	Politidope	Political - Other	Democrat / Left	Matt Rogers
1141352946623492100	Concealcarrygrl	Political - Other	Republican / Right	Julie.TrumpsGirl
11454572	martingeddes	Political - Other	Republican / Right	Martin Geddes 6%
115105973	SylvesterTurner	Political - Elected Official	Democrat / Left	Sylvester Turner
1152385955187298304	ShannonFreshour	Political - Other	Democrat / Left	Shannon4OH
1152598802873880576	BillHagertyTN	Political - Other	Republican / Right	Bill Hagerty
1157388784301793280	COsweda	Political - Other	Republican / Right	Carlos Osweda
32671625	DerekCressman	Political - Other	Democrat / Left	Derek Cressman
326756275	hasanthehun	Political - Other	Democrat / Left	hasanabi
328756439	ResisterSis20	Political - Other	Democrat / Left	Southern Sister Resister
33235771	MiaFarrow	Political - Other	Democrat / Left	Mia Farrow
33276161	JohnFugelsang	Political - Other	Democrat / Left	John Fugelsang
33435693	IanSams	Political - Other	Democrat / Left	Ian Sams
335060282	ECMcLaughlin	Political - Other	Democrat / Left	Elizabeth C. McLaughlin
3353061012	Jamierodr14	Political - Other	Republican / Right	JamieR Army Girl
33537967	amyklobuchar	Political - Elected Official	Democrat / Left	Amy Klobuchar
3375809956	BadFoxGraphics	Political - Other	Democrat / Left	Bad Fox Graphics
338473859	BrandonBeckham	Political - Other	Republican / Right	Brandon Beckham, Esq.
33888973	MPowersNorrell	Political - Elected Official	Democrat / Left	SC Rep Mandy Powers Norrell
33913156	notcapnamerica	Political - Other	Democrat / Left	chris evans
339351467	WordswithSteph	Political - Other	Democrat / Left	Stephanie Kennedy
3406938525	thebradfordfile	Political - Other	Republican / Right	thebradfordfile TM
341190477	TheRickyDavila	Political - Other	Democrat / Left	Ricky Davila
341194704	SteveGuest	Political - Other	Republican / Right	Steve Guest
342863309	BetoORourke	Political - Elected Official	Democrat / Left	Beto O'Rourke
34367582	TimRunsHisMouth	Political - Other	Republican / Right	Tim Young
34756550	CHIZMAGA	Political - Other	Republican / Right	CHIZ
35039490	MarkDice	Political - Other	Republican / Right	Mark Dice
35218566	AriFleischer	Political - Other	Republican / Right	Ari Fleischer
3530404094	DavidJHarrisJr	Political - Other	Republican / Right	David J Harris Jr
357606935	ewarren	Political - Elected Official	Democrat / Left	Elizabeth Warren
358545917	Cernovich	Political - Other	Republican / Right	Cernovich
3614519775	lpmitchellrtr	Political - Other	Republican / Right	Lary Mitch
3622368202	JohnFetterman	Political - Elected Official	Democrat / Left	John Fetterman
36686040	RepMaxineWaters	Political - Elected Official	Democrat / Left	Maxine Waters
3740820863	patton6966	Political - Other	Republican / Right	Mark Taylor
377609596	ericswalwell	Political - Elected Official	Democrat / Left	Eric Swalwell
38284349	RealWayneRoot	Political - Other	Republican / Right	Wayne Allyn Root
38349184	CAgovernor	Political - Elected Official	Democrat / Left	Office of the Governor of California
386001751	KT_So_It_Goes	Political - Other	Democrat / Left	kilgore trout, new tone haver
39076082	drawandstrike	Political - Other	Republican / Right	Who's Gonna Be Lucky Indicted 3 - Brian Cates
39344374	DonaldJTrumpJr	Political - Other	Republican / Right	Donald Trump Jr.
396720850	ZaneZodrow	Political - Other	Democrat / Left	Zane Zodrow
39753444	hrenee80	Political - Other	Republican / Right	Heather
3995778614	KamVTV	Political - Other	Republican / Right	Kambree
402888514	djrothkopf	Political - Other	Democrat / Left	David Rothkopf
41266395	GovernorLittle	Political - Elected Official	Republican / Right	Brad Little
424664120	LotusOak2	Political - Other	Republican / Right	LotusOak
43014978	dvillella	Political - Other	Democrat / Left	D Villella‚ùÑÔ∏è
432895323	LindseyGrahamSC	Political - Elected Official	Republican / Right	Lindsey Graham
43467353	Johnson4Dallas	Political - Elected Official	Democrat / Left	Mayor Eric Johnson
435232010	danielsgoldman	Political - Other	Democrat / Left	Daniel Goldman
43910797	SenSherrodBrown	Political - Elected Official	Democrat / Left	Sherrod Brown
4459642286	shossy2	Political - Other	Democrat / Left	üåäThe Honorable Sheryl Lynne
447200783	G_TheOriginal	Political - Other	Republican / Right	üéºùîæ ‚ôØ ·µó ∞·µâÍÉ™·¥ø·¥µ·¥≥·¥µ·¥∫·¥¨·¥∏
4541535439	jennycohn1	Political - Other	Democrat / Left	Jennifer Cohn‚úçüèª
45490102	markpoloncarz	Political - Elected Official	Democrat / Left	Mark Poloncarz
45499837	KenTremendous	Political - Other	Democrat / Left	Ken Tremendous
45676731	TimMurtaugh	Political - Other	Republican / Right	Tim Murtaugh - Download the Trump 2020 app today!
46085118	BelkissObadia	Political - Other	Democrat / Left	Belkiss Obadiaüíé
461697741	ChrisLu44	Political - Other	Democrat / Left	Chris Lu
466645191	CloydRivers	Political - Other	Republican / Right	Cloyd Rivers
466864852	BoSnerdley	Political - Other	Republican / Right	Bo Snerdley
467726691	CheriJacobus	Political - Other	Democrat / Left	Cheri Jacobus
467823431	RepJeffries	Political - Elected Official	Democrat / Left	Hakeem Jeffries
4699304792	slcmayor	Political - Elected Official	Democrat / Left	SLC Mayor Erin Mendenhall
471672239	KellyannePolls	Political - Other	Republican / Right	Kellyanne Conway
471677441	gtconway3d	Political - Other	Republican / Right	George Conway
4734965658	clarkfornorman	Political - Elected Official	Democrat / Left	Mayor Breea Clark
47379354	leahmcelrath	Political - Other	Democrat / Left	Leah McElrath üè≥Ô∏è‚Äçüåà
4765364386	ChuckCallesto	Political - Other	Republican / Right	Chuck Callesto
47739450	ByronYork	Political - Other	Republican / Right	Byron York
47747074	brianschatz	Political - Elected Official	Democrat / Left	Brian Schatz
4842843378	carterforva	Political - Elected Official	Democrat / Left	Lee J. Carter
48459553	KatiePavlich	Political - Other	Republican / Right	Katie Pavlich
4878610324	politvidchannel	Political - Other	Democrat / Left	PoliticsVideoChannel
49023129	cjtruth	Political - Other	Republican / Right	CJTRUTH 6%‚≠êÔ∏è‚≠êÔ∏è‚≠êÔ∏è
4919082864	GovHolcomb	Political - Elected Official	Republican / Right	Governor Eric Holcomb
50317463	MichaelSteele	Political - Elected Official	Republican / Right	Michael Steele
512417432	BruceBourgoine	Political - Other	Democrat / Left	Bruce Bourgoine
518700708	DougBurgum	Political - Elected Official	Republican / Right	Gov. Doug Burgum
52338305	BrandonStraka	Political - Other	Republican / Right	Brandon Straka
52544275	IvankaTrump	Political - Other	Republican / Right	Ivanka Trump
527131496	ToddBohannon	Political - Other	Democrat / Left	Todd B. #DefundThePolice
532562634	JudgeClayJ	Political - Elected Official	Democrat / Left	Clay Jenkins
532690100	jwgop	Political - Other	Republican / Right	John Weaver
536904693	LincolnsBible	Political - Other	Democrat / Left	Lincoln's Bible
545107258	GovPhilScott	Political - Elected Official	Republican / Right	Governor Phil Scott
548384458	JoyceWhiteVance	Political - Other	Democrat / Left	Joyce Alene
55060090	realTuckFrumper	Political - Other	Democrat / Left	#TuckFrump
55948054	matthewamiller	Political - Other	Democrat / Left	Matthew Miller
574795929	meena	Political - Other	Democrat / Left	Meena Harris
580224794	TravisAllen02	Political - Other	Democrat / Left	Travis Allen üá∫üá∏
58579942	mattgaetz	Political - Elected Official	Republican / Right	Matt Gaetz
592730371	JackPosobiec	Political - Other	Republican / Right	Illegally Monitored Poso üéß
594886554	TheLastRefuge2	Political - Other	Republican / Right	TheLastRefuge
601535938	RealMattCouch	Political - Other	Republican / Right	Matt Couch
603025587	GovHowardDean	Political - Elected Official	Democrat / Left	Howard Dean
60688326	GovHerbert	Political - Elected Official	Republican / Right	Gov. Gary Herbert
607332953	WVGovernor	Political - Elected Official	Republican / Right	Governor Jim Justice
617266600	katieporteroc	Political - Elected Official	Democrat / Left	Katie Porter
61851477	mgrant76308	Political - Other	Republican / Right	Mark Grant
626455898	forwardarc	Political - Other	Democrat / Left	Sol
634734888	ParkerMolloy	Political - Other	Democrat / Left	Parker Molloy
6706512	paultenhaken	Political - Elected Official	Republican / Right	Paul TenHaken
68752979	JordanUhl	Political - Other	Democrat / Left	jordan 
69663100	SpencerJCox	Political - Elected Official	Republican / Right	Spencer Cox
701789671	nnavajojohn	Political - Other	Republican / Right	john f. capuziello
704391334128394240	conservmillen	Political - Other	Republican / Right	Allie Beth Stuckey
70468535	LilaGraceRose	Political - Other	Republican / Right	Lila Rose
713839291210792960	TheDemCoalition	Political - Other	Democrat / Left	Democratic Coalition
716432228	_SJPeace_	Political - Other	Democrat / Left	StanceGrounded
722528529716383744	ACTBrigitte	Political - Other	Republican / Right	Brigitte Gabriel
728344273620344832	GovofCO	Political - Elected Official	Democrat / Left	Governor Jared Polis
729676086632656900	TeamTrump	Political - Elected Official	Republican / Right	Team Trump (Text VOTE to 88022)
734768872625188864	AndrewBatesNC	Political - Other	Democrat / Left	Andrew Bates
736989573201301504	KelemenCari	Political - Other	Republican / Right	Cari Kelemen
73754019	harrisonjaime	Political - Elected Official	Democrat / Left	Jaime Harrison
739610364975808513	paulsperry_	Political - Other	Republican / Right	Paul Sperry
739844197935644672	AmoneyResists	Political - Other	Democrat / Left	Andrew Wortman
742004164994048001	Sabrina_McDa	Political - Other	Democrat / Left	Sabrina McDaniel
755057897583804416	ProudSocialist	Political - Other	Democrat / Left	Ryan Knight üåπ
755113	shaunking	Political - Other	Democrat / Left	Shaun King
755677202	NathanLerner	Political - Other	Democrat / Left	Nate Lerner
755835576	AynRandPaulRyan	Political - Other	Democrat / Left	Holly Figueroa O'Reilly
75690416	riccimike	Political - Other	Republican / Right	Mike Ricci
757303975	ChelseaClinton	Political - Other	Democrat / Left	Chelsea Clinton
757703840669904896	IminHisbook	Political - Other	Republican / Right	He is Limitless ‚úùÔ∏è
757832485	realLizUSA	Political - Other	Republican / Right	Elizabeth Harrington
760234705618870273	AndreaR9Md	Political - Other	Democrat / Left	Andrea R MD
762389795037294592	TheRightMelissa	Political - Other	Republican / Right	Melissa Tate
7702542	DLoesch	Political - Other	Republican / Right	Dana Loesch
770781940341288960	RudyGiuliani	Political - Elected Official	Republican / Right	Rudy W. Giuliani
771152516	RoKhanna	Political - Elected Official	Republican / Right	Ro Khanna
774445533008191488	middleageriot	Political - Other	Democrat / Left	Middle Age Riot
77764733	marty_walsh	Political - Elected Official	Democrat / Left	Mayor Marty Walsh
780955609394884608	stonecold2050	Political - Other	Democrat / Left	Stone
783792992	IlhanMN	Political - Elected Official	Democrat / Left	Ilhan Omar
784575415457308672	TheRealHoarse	Political - Other	Democrat / Left	The Hoarse Whisperer
785209740	brycetache	Political - Other	Democrat / Left	Bryce Tache
793970466532851713	pushforward40	Political - Other	Republican / Right	Dark to Light
797406769	AlexandraChalup	Political - Other	Democrat / Left	Alexandra Chalupa
798973032362606600	RepValDemings	Political - Elected Official	Democrat / Left	Rep. Val Demings
799047255378391040	slpng_giants	Political - Other	Democrat / Left	Sleeping Giants
800086706678419456	1776Stonewall	Political - Other	Republican / Right	Stonewall Jackson
800111181058838528	OMGno2trump	Political - Other	Democrat / Left	John Oberlin
800704496246484992	swingleft	Political - Other	Democrat / Left	Swing Left
802301495781691392	mqmqqmqm	Political - Other	Democrat / Left	MQ
803017539903029248	Megavolts001	Political - Other	Republican / Right	EMPIntelligenceNet¬©
803694179079458816	VP	Political - Elected Official	Democrat / Left	Kamala Harris
810943316	Destiny3650	Political - Other	Republican / Right	üåªü©∫Destiny, RN, BSNü©∫üåª
812135885328236551	RealSaavedra	Political - Other	Republican / Right	Ryan Saavedra
812361923304034304	morethanmySLE	Political - Other	Democrat / Left	Peter Morley
813286	BarackObama	Political - Elected Official	Democrat / Left	Barack Obama
813311743	NumbersMuncher	Political - Other	Democrat / Left	Josh Jordan
813792250497028102	NC_Governor	Political - Elected Official	Democrat / Left	Governor Roy Cooper
816282120767291392	GovChrisSununu	Political - Elected Official	Republican / Right	Chris Sununu
816578053627252740	PatTheBerner	Political - Other	Democrat / Left	Pat the General Striker ü¶∫üåπ
816652616625168388	RepAndyBiggsAZ	Political - Elected Official	Republican / Right	Rep Andy Biggs
818246053468262401	WatchYourRepsSC	Political - Other	Democrat / Left	WacthYourRepsSC
818876014390603776	FLOTUS45	Political - Other	Republican / Right	Melania Trump
818927131883356161	PressSec45	Political - Elected Official	Republican / Right	Kayleigh McEnany
818948638890217473	RepMattGaetz	Political - Elected Official	Republican / Right	Rep. Matt Gaetz
820378690920058880	AmbassadorRice	Political - Elected Official	Democrat / Left	Susan Rice
823367015830323201	Scavino45	Political - Elected Official	Republican / Right	Dan Scavino Jr.üá∫üá∏
823558302290341888	TranslateThings	Political - Other	Democrat / Left	Translate Trump
825153022653128704	roguesnradvisor	Political - Other	Democrat / Left	Rogue WH Snr Advisor
825518870421180416	RedTRaccoon	Political - Other	Democrat / Left	Ted Corcoran
827934520112472065	BoycottUtah	Political - Other	Democrat / Left	Richard Saunders
829717519	EyesOnQ	Political - Other	Republican / Right	Eyes On Q
834081571493785600	PreetBharara	Political - Other	Democrat / Left	Preet Bharara
835627637049450497	Jordan_Sather_	Political - Other	Republican / Right	Jordan Sather
837471886770585600	WorldServiceMT	Political - Other	Democrat / Left	Mary Tikalsky
839226269627621376	KatieHill4CA	Political - Elected Official	Democrat / Left	Katie Hill
848148994102611969	Angry_Staffer	Political - Other	Democrat / Left	Angry Stagger
850507814023942144	GeorgePapa19	Political - Other	Republican / Right	George Papadopoulos
851211	benwikler	Political - Elected Official	Democrat / Left	Ben wikler
851808935397011456	IAGovernor	Political - Elected Official	Republican / Right	Gov. Kim Reynolds
85583894	QasimRashid	Political - Elected Official	Democrat / Left	Qasim Rashid for Congress
862315394	SteveRustad1	Political - Other	Democrat / Left	Steve Rustad
865210877678686208	GovStitt	Political - Elected Official	Republican / Right	Governor Kevin Stitt
871866650244632578	NebraskaMegan	Political - Elected Official	Democrat / Left	Senator Megan Hunt üò∑
874877835382575105	tastefullytayy	Political - Other	Democrat / Left	Taylor ‚òæ
875856268056969216	DC_Draino	Political - Other	Republican / Right	Rogan O'Handley üá∫üá∏
878247600096509952	RealCandaceO	Political - Other	Republican / Right	Candace Owens
879147821915615233	duty2warn	Political - Other	Democrat / Left	Duty To Warn üîâ
879548970082721792	rising_serpent	Political - Other	Republican / Right	Rising serpent üá∫üá∏
87983041	UROCKlive1	Political - Other	Democrat / Left	Khashoggi's Ghost
880474475829055489	americanshomer	Political - Other	Republican / Right	David, Ph.D.
88426758	SJPFISH	Political - Other	Republican / Right	‚ùåüá∫üá∏Steveüá∫üá∏üá∫üá∏America Firstüá∫üá∏üáÆüáπMAGAüá∫üá∏KAG
887704019296276482	JDScholten	Political - Elected Official	Democrat / Left	J.D. Scholten
893316758987128833	TrinityResists	Political - Other	Democrat / Left	Trinity
898533348	LibsInAmerica	Political - Other	Democrat / Left	LiA
90651198	GregAbbott_TX	Political - Elected Official	Republican / Right	Greg Abbott
909222166675169280	MayorGallego	Political - Elected Official	Democrat / Left	Mayor Kate Gallego
917501529480765441	AnthemRespect	Political - Other	Republican / Right	AnthemRespect
91882544	DineshDSouza	Political - Other	Republican / Right	Dinesh D'Souza
930552552302792705	DanCrenshawTX	Political - Elected Official	Republican / Right	Dan Crenshaw
931286316	ScottPresler	Political - Other	Republican / Right	#ThePersistence
932576686675283968	stormypatriot21	Political - Other	Republican / Right	stormypatriotjoe
939091	JoeBiden	Political - Elected Official	Democrat / Left	Joe Biden
942156122	RepSwalwell	Political - Elected Official	Democrat / Left	Rep. Eric Swalwell
948576145548693506	NYCSpeakerCoJo	Political - Elected Official	Democrat / Left	NYC Council Speaker Corey Johnson
948946378939609089	GovMurphy	Political - Elected Official	Democrat / Left	Governor Phil Murphy
951302891708583936	TheRISEofROD	Political - Other	Republican / Right	Machiavelli
958555581198954497	Bill_Maxwell_	Political - Other	Democrat / Left	Bill Maxwell ByeDon2020
960285302899298304	EvanAKilgore	Political - Other	Republican / Right	Evan Kilgore 
963790885937995777	HKrassenstein	Political - Other	Democrat / Left	Mrs. Krassenstein
96675300	mayawiley	Political - Other	Democrat / Left	Maya Wiley
968650362	SenTomCotton	Political - Elected Official	Republican / Right	Tom Cotton
969138694308421632	DesignationSix	Political - Other	Democrat / Left	Secret Agent Number Six
970207298	SenWarren	Political - Elected Official	Democrat / Left	Elizabeth Warren
971051135996964864	stucam7771	Political - Other	Democrat / Left	Stu Cameron
975200486	RepThomasMassie	Political - Elected Official	Democrat / Left	Thomas Massie
976542720	MayorBowser	Political - Elected Official	Democrat / Left	Mayor Muriel Bowser
981691454962749440	MikeEspyMS	Political - Elected Official	Democrat / Left	Mike Espy
983766825610694656	AndrewPollackFL	Political - Other	Republican / Right	Andrew Pollack
98706225	the_real_bnell	Political - Other	Democrat / Left	Daniel Burnell
988573326376427520	SecPompeo	Political - Elected Official	Republican / Right	Secretary Pompeo
988807767031885824	Shem_Infinite	Political - Other	Republican / Right	Shem Horne
991089617603411968	JuliansRum	Political - Other	Republican / Right	Julian's Rum
992056970248183808	mayorcantrell	Political - Elected Official	Democrat / Left	Mayor LaToya Cantrell
1167738667009552384	secretnstrange9	Political - Other	Republican / Right	Secret Stranger UK
1171196331945275392	ColSDM	Political - Other	Republican / Right	COL (R) Stephen Mitchell
1181952938266304512	JodyBelcher7	Political - Other	Republican / Right	Jody Belcher
11866582	LOLGOP	Political - Other	Democrat / Left	The Mysterious LOLGOP
1191764515978911744	SkylerforNY	Political - Other	Democrat / Left	Skyler Johnson
1192549822865297409	GovAndyBeshear	Political - Elected Official	Democrat / Left	Governor Andy Beshear
1209417007	SteveScalise	Political - Elected Official	Republican / Right	Steve Scalise
1216789842	DearAuntCrabby	Political - Other	Democrat / Left	üñïüèªAunt Crabby calls Bullshit üñïüèª
124820305	JeffJacksonNC	Political - Elected Official	Democrat / Left	Sen. Jeff Jackson
1249982359	LeaderMcConnell	Political - Elected Official	Republican / Right	Leader McConnell
125453969	neeratanden	Political - Other	Democrat / Left	Neera -Wear a Mask -Tanden
1286161147	KatiePhang	Political - Other	Democrat / Left	Katie Phang
129235890	Lrihendry	Political - Other	Republican / Right	LORI HENDRY
132496568	NewYorkStateAG	Political - Elected Official	Democrat / Left	NY AG James
133028836	AdamSchiff	Political - Elected Official	Democrat / Left	Adam Schiff
1332630685	briebriejoy	Political - Other	Democrat / Left	Briahna Joy Gray
1339835893	HillaryClinton	Political - Elected Official	Democrat / Left	Hillary Clinton
135193670	EmilyVirginOK	Political - Elected Official	Democrat / Left	Emily Virgin
138203134	AOC	Political - Elected Official	Democrat / Left	Alexandria Ocasio-Cortez
1383272101	ASlavitt	Political - Other	Democrat / Left	Andy Slavitt @ üè°
1398759560	RobertMaguire_	Political - Other	Democrat / Left	Robert Maguire
14247236	funder	Political - Other	Democrat / Left	Scott Dworkin
14344823	SenateGOP	Political - Elected Official	Republican / Right	Senate Republicans
1445111881	AngelWarrior321	Political - Other	Republican / Right	ùíúùìÉùëîùëíùìÅ‚öîÔ∏èùí≤ùí∂ùìáùìáùíæùëúùìáùü¶ùíØùìáùìäùìÇùìÖ
1472416992	RobSandIA	Political - Elected Official	Democrat / Left	Rob Sand
148192924	KeeangaYamahtta	Political - Other	Democrat / Left	Keeanga-Yamahtta T.
1483064670	EmilyGorcenski	Political - Other	Democrat / Left	Extremily Gorcenski
148529707	RBReich	Political - Other	Democrat / Left	Robert Reich
14855994	davidsirota	Political - Other	Democrat / Left	David Sirota
149249831	OhNoSheTwitnt	Political - Other	Democrat / Left	The Volatile Mermaid
14982131	CEStephens	Political - Other	Democrat / Left	Christina ‚ÄúMASK UP‚Äù Stephens
1500129642	MattWalshBlog	Political - Other	Republican / Right	Matt Walsh
150078976	ChrisMurphyCT	Political - Elected Official	Democrat / Left	Chris Murphy
1507338108	Sifill_LDF	Political - Other	Democrat / Left	Sherrilyn Ifill
151217583	RobynTannehill	Political - Elected Official	Democrat / Left	Robyn Tannehill
15212187	bennyjohnson	Political - Other	Republican / Right	Benny 
15416505	GovMikeHuckabee	Political - Elected Official	Republican / Right	Gov. Mike Huckabee
15418628	mattmfm	Political - Other	Democrat / Left	Matt McDermott
15446551	sfpelosi	Political - Other	Democrat / Left	Christine Pelosi
1546656000	Jali_Cat	Political - Other	Republican / Right	Jali_Cat{‚≠êÔ∏è}
15576928	goldengateblond	Political - Other	Democrat / Left	shauna
15669672	PamelaGeller	Political - Other	Republican / Right	Geller Report
15745368	marcorubio	Political - Elected Official	Republican / Right	Marco Rubio
15764644	SpeakerPelosi	Political - Elected Official	Democrat / Left	Nancy Pelosi
15808765	CoryBooker	Political - Elected Official	Democrat / Left	Cory Booker
15907183	cmclymer	Political - Other	Democrat / Left	Charlotte Clymer üè≥Ô∏è‚Äçüåà
15952856	AriBerman	Political - Other	Democrat / Left	Ari Berman
15976697	michellemalkin	Political - Other	Republican / Right	Michelle Malkin
15976705	Amy_Siskind	Political - Other	Democrat / Left	Amy Siskind üè≥Ô∏è‚Äçüåà
160010755	JohnWDean	Political - Other	Democrat / Left	John W. Dean
1607352380	DrRJKavanagh	Political - Other	Democrat / Left	Rebecca Kavanagh
16106584	stillgray	Political - Other	Republican / Right	Ian Miles Cheong
16124531	MalcolmOutLoud	Political - Other	Democrat / Left	‚òÜ‚òÜ‚òÜ AMERICA OUT LOUDüá∫üá∏
16160352	clairecmc	Political - Elected Official	Democrat / Left	Claire McCaskill
16163639	NolteNC	Political - Other	Republican / Right	Let's Start Our Own MAGA CHAZ!
16193222	guypbenson	Political - Other	Republican / Right	Guy Benson
16335288	henrymcmaster	Political - Elected Official	Republican / Right	Gov. Henry McMaster
1640929196	mmpadellan	Political - Other	Democrat / Left	BrooklynDad_Defiant!
1644734071	MatthewFoldi	Political - Other	Republican / Right	Matthew Foldi
164554364	HawaiiDelilah	Political - Other	Democrat / Left	HawaiiDelilah‚Ñ¢
164679813	kenolin1	Political - Other	Democrat / Left	ken olin
16581604	MikeBloomberg	Political - Other	Democrat / Left	Mike Bloomberg
16635277	Acyn	Political - Other	Democrat / Left	Acyn Torabi
166374616	LouisianaGov	Political - Elected Official	Democrat / Left	John Bel Edwards
166751745	RyanAFournier	Political - Other	Republican / Right	Ryan Fournier
16711026	Politics_PR	Political - Other	Democrat / Left	R. Saddler üåä Vote Early n Person Or Use BallotBox
16740433	DeAnna4Congress	Political - Other	Republican / Right	DeAnna Lorraine
16789745	JRoche3MR	Political - Other	Democrat / Left	Joe Roche
16950628	wendellpotter	Political - Other	Democrat / Left	Wendell Potter
17060573	ComfortablySmug	Political - Other	Republican / Right	Comfortably Smug
17070113	MayorOfLA	Political - Elected Official	Democrat / Left	MayorOfLA
17143007	MarkLevineNYC	Political - Elected Official	Democrat / Left	Mark D. Levine
171598736	SenBobCasey	Political - Elected Official	Democrat / Left	Senator Bob Casey
17232635	gtbynum	Political - Elected Official	Republican / Right	G.T. Bynum
17494010	SenSchumer	Political - Elected Official	Democrat / Left	Chuck Schumer
175953481	BrandonPresley	Political - Elected Official	Democrat / Left	Brandon Presley
17642747	tonyposnanski	Political - Other	Democrat / Left	Tony Posnanski
17685258	parscale	Political - Other	Republican / Right	Brad Parscale
179732982	TheDailyEdge	Political - Other	Democrat / Left	The Daily Edge
17995040	benshapiro	Political - Other	Republican / Right	Ben Shapiro
18023868	MassGovernor	Political - Elected Official	Republican / Right	Charlie Baker
18089606	KurtSchlichter	Political - Other	Republican / Right	Kurt Schlichter
18166778	Jim_Jordan	Political - Elected Official	Republican / Right	Rep. Jim Jordan
18247062	JudicialWatch	Political - Other	Republican / Right	Judicial Watch
18266688	TomFitton	Political - Other	Republican / Right	Tom Fitton
18382184	AdamParkhomenko	Political - Other	Democrat / Left	Adam Parkhomenko
18464266	peterdaou	Political - Other	Democrat / Left	Peter Daou
18533219	K_JeanPierre	Political - Other	Democrat / Left	Karine Jean-Pierre
18643437	PrisonPlanet	Political - Other	Republican / Right	Paul Joseph Watson
1866938882	Strandjunker	Political - Other	Democrat / Left	Andrea Junker ¬Æ
187936720	darhar981	Political - Other	Republican / Right	Sandpiperüëë‚úùÔ∏èüáÆüá±üêàüêï‚òïÔ∏è
18820392	GovMikeDeWine	Political - Elected Official	Republican / Right	Governor Mike DeWine
188793260	ninaturner	Political - Elected Official	Democrat / Left	Nina Turner
19091173	scrowder	Political - Other	Republican / Right	Steven Crowded
19291441	GovAbbott	Political - Elected Official	Republican / Right	Gov. Greg Abbott
19668491	GovernorKayIvey	Political - Elected Official	Republican / Right	Governor Kay Ivey
19682187	JulianCastro	Political - Elected Official	Democrat / Left	Julian Castro
19739126	GOPLeader	Political - Elected Official	Republican / Right	Kevin McCarthy
19791281	davidfholt	Political - Elected Official	Republican / Right	Mayor David Holt
19834403	NYCMayor	Political - Elected Official	Democrat / Left	Mayor Bill De Blasio
201066140	pnjaban	Political - Other	Republican / Right	Harmeet K Dhillon
20217019	dougducey	Political - Elected Official	Republican / Right	Doug Ducey
20713061	newtgingrich	Political - Other	Republican / Right	Newt Gingrich 
20744708	JasonKander	Political - Elected Official	Democrat / Left	Jason Kander
20747881	kyrstensinema	Political - Elected Official	Democrat / Left	Krysten Sinema
20924358	Adam_Morfeld	Political - Elected Official	Democrat / Left	Adam Morfeld
21059255	tedlieu	Political - Elected Official	Democrat / Left	Ted Lieu
210833051	BuffyWicks	Political - Elected Official	Democrat / Left	Buffy Wicks
21116517	WVUFLU	Political - Elected Official	Democrat / Left	Shawn Fluharty
216065430	staceyabrams	Political - Elected Official	Democrat / Left	Stacey Abrams
216776631	BernieSanders	Political - Elected Official	Democrat / Left	Bernie Sanders 
216881337	RandPaul	Political - Elected Official	Republican / Right	Rand Paul
21784951	Surabees	Political - Other	Republican / Right	Andrew Surabian
21786618	billmckibben	Political - Other	Democrat / Left	Bill McKibben
219141142	SawyerHackett	Political - Other	Democrat / Left	Sawyer Hackett
22203756	Mike_Pence	Political - Elected Official	Republican / Right	Mike Pence
2228878592	AndrewYang	Political - Elected Official	Democrat / Left	Andrew Yang
226222147	PeteButtigieg	Political - Elected Official	Democrat / Left	Pete Buttigieg
22677397	atensnut	Political - Other	Republican / Right	Juanita Broaddrick
23022687	tedcruz	Political - Elected Official	Republican / Right	Ted Cruz
23027636	islamphobiacow	Political - Other	Democrat / Left	keyvan (⁄©€åŸàÿßŸÜ) 
23176632	rwwonwheels	Political - Other	Democrat / Left	RICHARD W.
232268199	NYGovCuomo	Political - Elected Official	Democrat / Left	Andrew Cuomo
2327400218	C_3C_3	Political - Other	Republican / Right	C3
232901331	dbongino	Political - Other	Republican / Right	Dan Bongino 
233842454	justinamash	Political - Elected Official	Republican / Right	Justin Amash
234374703	Sen_JoeManchin	Political - Elected Official	Democrat / Left	Senator Joe Manchin
234896532	GovEvers	Political - Elected Official	Democrat / Left	Governor Tony Evers
235251868	govkristinoem	Political - Elected Official	Republican / Right	Governor Kristi Noem
2352629311	HawleyMO	Political - Elected Official	Republican / Right	Josh Hawley
2353605901	GOPChairwoman	Political - Elected Official	Republican / Right	Ronna McDaniel
236487888	WalshFreedom	Political - Other	Republican / Right	Joe Walsh
237770636	JohnCarneyDE	Political - Elected Official	Democrat / Left	Governor John Carney
239005322	CalebJHull	Political - Other	Republican / Right	Kelb Hull
239548513	DougJones	Political - Elected Official	Democrat / Left	Doug Jones
2402214960	M2Madness	Political - Other	Republican / Right	M3thods
240778059	GovRaimondo	Political - Elected Official	Democrat / Left	Gina Raimondo
2417586104	SebGorka	Political - Other	Republican / Right	Sebastian Gorka DrG
2421067430	TeaPainUSA	Political - Other	Democrat / Left	Tea Pain
242555999	SenWhitehouse	Political - Elected Official	Democrat / Left	Sheldon Whitehouse
2427390260	MikeDentale	Political - Other	Republican / Right	Mikeyunbelievable
245571881	MurielBowser	Political - Elected Official	Democrat / Left	Muriel Bowser
24578794	Scaramucci	Political - Other	Democrat / Left	Anthony Scaramucci
2461810448	TeamPelosi	Political - Elected Official	Democrat / Left	Nancy Pelosi
246500501	GeraldoRivera	Political - Other	Republican / Right	Geraldo Rivera
246939630	shannonrwatts	Political - Other	Democrat / Left	Shannon Watts
24733117	jilevin	Political - Other	Democrat / Left	Jeffrey Levin
248884036	RonaldKlain	Political - Elected Official	Democrat / Left	Ronald Klain
250188760	RonWyden	Political - Elected Official	Democrat / Left	Ron Wyden
25034727	abbybroyles	Political - Elected Official	Democrat / Left	Abby Broyles
25073877	abbybroyles	Political - Elected Official	Republican / Right	Donald J. Trump
25101996	kimguilfoyle	Political - Other	Republican / Right	Kimberly Guilfoyle
25203361	Rosie	Political - Other	Democrat / Left	ROSIE
252357183	4everNeverTrump	Political - Other	Democrat / Left	Pe
2525716756	mdr651	Political - Other	Republican / Right	MDR
25360591	reubing	Political - Other	Republican / Right	robg
2573480784	MalcolmNance	Political - Other	Democrat / Left	Malcolm Nance
2575826929	DanFeltesNH	Political - Elected Official	Democrat / Left	Dan Feltes
257715213	gnuman1979	Political - Other	Democrat / Left	jamie
25873558	_theghettomonk	Political - Other	Democrat / Left	B
259001548	kayleighmcenany	Political - Other	Republican / Right	Kayleigh McEnany
25911963	charles_gaba	Political - Other	Democrat / Left	Charles Gaba
259341329	tatereeves	Political - Elected Official	Republican / Right	Tate Reeves
26186655	JesseLehrich	Political - Other	Democrat / Left	Jesse Lehrich
264501955	MichaelCoudrey	Political - Other	Republican / Right	Mike Coudrey
26637348	TulsiGabbard	Political - Elected Official	Democrat / Left	Tulsi Gabbard
26642006	Alyssa_Milano	Political - Other	Democrat / Left	Alyssa Milano
26840840	aldemocrats	Political - Elected Official	Democrat / Left	Alabama Democrats
269992801	AsaHutchinson	Political - Elected Official	Republican / Right	Gov. Asa Hutchinson
270921976	mog7546	Political - Other	Democrat / Left	Michael O'Grady
2725669979	GunnelsWarren	Political - Elected Official	Democrat / Left	Warren Gunnels
2729784259	FredTJoseph	Political - Other	Democrat / Left	Frederick Joseph
2730264319	EricMMatheny	Political - Other	Republican / Right	Eric Matheny
2738477133	FairyQ15	Political - Other	Republican / Right	FairyQueen
27493883	joncoopertweets	Political - Other	Democrat / Left	Jon Cooper
2750127259	RepLeeZeldin	Political - Elected Official	Republican / Right	Lee Zeldin
275276082	Thomas1774Paine	Political - Other	Republican / Right	Thomas Paine
2757833205	taxfreeok	Political - Other	Republican / Right	Deplorable Larry G
276688330	mattbc	Political - Other	Democrat / Left	Matthew Cortland, Esq
278124059	SenBlumenthal	Political - Elected Official	Democrat / Left	Richard Blumenthal
278145569	MarshaBlackburn	Political - Elected Official	Republican / Right	Sen. Marsha Blackburn
2783231383	AmyMcGrathKY	Political - Elected Official	Democrat / Left	Amy McGrath
2800581040	BillKristol	Political - Other	Republican / Right	Bill Kristol
2812470186	Davis_Hammet	Political - Other	Democrat / Left	David Hammet
28263652	LydaKrewson	Political - Elected Official	Democrat / Left	Mayor Lyda Krewson
282695161	WayneDupreeShow	Political - Other	Republican / Right	W.E. Dupree
2832475948	markmobility	Political - Other	Democrat / Left	Mark Elliot
28375536	GregLeding	Political - Elected Official	Democrat / Left	Greg Leding
2852597261	julie_kelly2	Political - Other	Republican / Right	Julie Kelly
28628850	greggutfeld	Political - Other	Republican / Right	GregGutfeld
28675723	MayorKeller	Political - Elected Official	Democrat / Left	Mayor Tim Keller
2889924959	TrueFactsStated	Political - Other	Democrat / Left	Claude Taylor
2891165960	GovRicketts	Political - Elected Official	Republican / Right	Gov. Pete Ricketts
289118612	TomthunkitsMind	Political - Other	Democrat / Left	Tomthunkit‚Ñ¢
2892851858	sultanoftired	Political - Other	Democrat / Left	john boyega's y-wing squadron
289963138	prioritiesUSA	Political - Other	Democrat / Left	Priorities USA
29067876	lukenbachr	Political - Other	Republican / Right	RICHARD LUKENBACH
2908170952	DiamondandSilk	Political - Other	Republican / Right	Diamond and Silk¬Æ
2917736960	DrDooleyMD	Political - Other	Democrat / Left	Dr. Victoria Dooley
29201047	SenJeffMerkley	Political - Elected Official	Democrat / Left	Senator Jeff Merkley
29270341	donnasfineart	Political - Other	Democrat / Left	Donna Smith McG ü¶ã‚ùÑÔ∏èüë©‚Äçüé®
2927379996	LondonBreed	Political - Elected Official	Democrat / Left	London Breed
292929271	charliekirk11	Political - Other	Republican / Right	Charlie Kirk
293131808	PattyMurray	Political - Elected Official	Democrat / Left	Senator Patty Murray
29442313	SenSanders	Political - Elected Official	Democrat / Left	Bernie Sanders
29501253	RepAdamSchiff	Political - Elected Official	Democrat / Left	Adam Schiff
2961639518	dananessel	Political - Elected Official	Democrat / Left	Dana Nessel
2962868158	RepDonBeyer	Political - Elected Official	Democrat / Left	Rep. Don Beyer
296361085	SenJohnThune	Political - Elected Official	Republican / Right	Senator John Thune
2966770391	PamKeithFL	Political - Elected Official	Democrat / Left	Pam Keith
2978837542	GovernorTomWolf	Political - Elected Official	Democrat / Left	Governor Tom Wolf
2987671552	GovLarryHogan	Political - Elected Official	Republican / Right	Governor Larry Hogan
2998864022	essenviews	Political - Other	Democrat / Left	ùêÉùêûùê¶ùêöùêßùêù ùêìùê°ùêû ùêìùê´ùêÆùê≠ùê°
3009647720	lincolnjackd	Political - Other	Democrat / Left	Lincoln 
3023272478	OregonGovBrown	Political - Elected Official	Democrat / Left	Governor Kate Brown
30354991	KamalaHarris	Political - Elected Official	Democrat / Left	Kamala Harris
305818748	KeishaBottoms	Political - Elected Official	Democrat / Left	Keisha Lance Bottoms
30944131	DelbertHosemann	Political - Elected Official	Republican / Right	Delbert Hosemann
31013444	AyannaPressley	Political - Elected Official	Democrat / Left	Ayanna Pressley
31047836	michaeljknowles	Political - Other	Republican / Right	Fiery But Mostly Peaceful Michael Knowles
3141672447	People4Bernie	Political - Other	Democrat / Left	People for Bernie
3145737860	libbybakalar	Political - Other	Democrat / Left	One Hot Mess AK
3160248614	JohnMTalmadgeMD	Political - Other	Democrat / Left	John M. Talmadge, MD
321774180	ChrisJZullo	Political - Other	Democrat / Left	‚ôªÔ∏èüá∫üá∏ Christopher Zullo
3310061541	thejtlewis	Political - Other	Republican / Right	JT Lewis
877981025921638401	BrynnTannehill	Political - Other	Democrat / Left	Cassandra of Troy
28817015	ltgrusselhonore	Political - Other	Democrat / Left	Russel L. Honore'
28745526	meiselasb	Political - Other	Democrat / Left	Ben Meiselas
270132611	lindyli	Political - Other	Democrat / Left	Lindy Li
185323038	_AndyHowes	Political - Other	Democrat / Left	Andy Howes
360669674	melissadderosa	Political - Other	Democrat / Left	Melissa DeRosa
442593662	Patbagley	Political - Other	Democrat / Left	Pat Bagley
7334402	alfranken	Political - Elected Official	Democrat / Left	Al Franken
822131894540083201	vanitaguptaCR	Political - Other	Democrat / Left	Vanita Gupta
3671138595	Chasten	Political - Other	Democrat / Left	Chasten Buttigieg
24712487	KagroX	Journalist	Democrat / Left	David Waldman-1, of Yorktown LLC‚Ñ¢
780546876391067648	DoYouEvenLif	Political - Other	Democrat / Left	Jesse Lifson
54412900	DevinNunes	Political - Elected Official	Republican / Right	Devin Nunes
46705002	WatchChad	Political - Other	Republican / Right	Chad Prather
54617733	BerniceKing	Political - Other	Democrat / Left	Be A King
23281108	marceelias	Political - Other	Democrat / Left	Marc E. Elias
14844867	amandacarpenter	Political - Other	Republican / Right	Amanda Carptenter
160244947	lauferlaw	Political - Other	Democrat / Left	Andrew C Laufer, Esq
806347865073315844	DFBHarvard	Political - Other	Republican / Right	Daniel F. Baranowski
366498596	electroboyusa	Political - Other	Democrat / Left	Andy Behrman
3021460584	mjhegar	Political - Other	Democrat / Left	MJ Hegar
143500773	justinbaragona	Journalist	Democrat / Left	Justin Baragona
60403024	AndrewHClark	Political - Other	Republican / Right	Andrew Clark
1058520120	SenDuckworth	Political - Elected Official	Democrat / Left	Tammy Duckworth
25387735	franklinleonard	Political - Other	Democrat / Left	Franklin Leonard
17852894	jordanzakarin	Journalist	Democrat / Left	Jordan Zakarin
2178681566	DavidJollyFL	Political - Other	Democrat / Left	David Jolly
10292132	joelpollak	Journalist	Republican / Right	Joel Pollack
808421803521671168	_sonofisaac	Political - Other	Democrat / Left	Son of Isaac
616737225	atdavidhoffman	Political - Other	Democrat / Left	David Hoffman
20178419	cwarzel	Political - Other	Democrat / Left	Charlie Warzel
40302336	RepJerryNadler	Political - Elected Official	Democrat / Left	Rep. Nadler
595245502	chick_in_kiev	Journalist	Democrat / Left	Talia Lavin
15384969	JRehling	Political - Other	Democrat / Left	JRehling
163649954	stevenzequ	Political - Other	Democrat / Left	between 4 and 7 dogs
2195241	fmanjoo	Political - Other	Democrat / Left	farhad manjoo
254151878	brad_dickson	Political - Other	Democrat / Left	Brad Dickson
55192727	mattdizwhitlock	Political - Other	Republican / Right	Matt Whitlock
1197838337626779648	DakotaStandard	Media Outlet	Democrat / Left	South Dakota Standard
20818801	dailykos	Media Outlet	Democrat / Left	Daily Kos (Tune in to Daily Kos' üéôÔ∏è The Brief)
29896002	thomas_elness	Political - Other	Democrat / Left	Thomas Elness
1276140426	DeAngelisCorey	Political - Other	Republican / Right	Corey A. DeAngelis
20729327	wallisweaver	Political - Other	Democrat / Left	Wallis Weaver
84734907	KristenClarkeJD	Political - Other	Democrat / Left	Kristen Clarke
42518865	FPWellman	Political - Other	Republican / Right	Fred Wellman
4696552878	CoriBush	Political - Elected Official	Democrat / Left	Cori Bush
1006096223596511244	MeidasTouchPod	Political - Other	Democrat / Left	The Resistance üá∫üá∏
1403424932	senatorjen	Political - Elected Official	Democrat / Left	Jen Jordan
993137216309383169	NathanMackBrown	Political - Other	Democrat / Left	Nathan Mackenzie Brown üåé
1543986138	stuartpstevens	Political - Other	Republican / Right	stuart stevens
50434933	LifeNewsHQ	Media Outlet	Republican / Right	LifeNews.com
17261066	adamcbest	Political - Other	Democrat / Left	Adam Best
830886553123700736	MontyBoa99	Political - Other	Democrat / Left	Monty Lincoln's Speeches Boa
4486093643	DNCWarRoom	Political - Elected Official	Democrat / Left	DNC War Room
4429709805	ReaganBattalion	Media Outlet	Republican / Right	Reagan Battalion
573753709	coyotecreek158	Political - Other	Democrat / Left	Snitty Shainzona
31059230	MikeDelMoro	Political - Other	Democrat / Left	Michael Del Moro
24431892	markos	Political - Other	Democrat / Left	Markos Moulitsas
241201438	Bakari_Sellers	Political - Other	Democrat / Left	Bakari Sellers
752221293181825025	LynnSharig8	Political - Other	Democrat / Left	Shari Lynn
1871975262	PeoplesCourt79	Political - Other	Democrat / Left	Robert People
46822887	AngryBlackLady	Journalist	Democrat / Left	‚öìÔ∏èüö¢Imani Gandy üö¢‚öìÔ∏è
6724252	kerpen	Political - Other	Republican / Right	Phil Kerpen
39349894	EricTrump	Political - Other	Republican / Right	Eric Trump
373522445	BradMossEsq	Political - Other	Democrat / Left	Bradley P. Moss
48325671	chipfranklin	Journalist	Democrat / Left	Chip Franklin InsideTheBeltway.com
37190669	NikkiFried	Political - Elected Official	Democrat / Left	Nikki Fried
93071854	soloyochapin	Political - Other	Democrat / Left	"Nestor ""the boss"" Gomez"
71627462	JonahDispatch	Political - Other	Democrat / Left	Jonah Goldberg
3946773623	VermontSOS	Political - Elected Official	Democrat / Left	Vermont Secretary of State‚Äôs Office
744070482832596992	joshdcaplan	Journalist	Republican / Right	Josh Caplan
965004924370079744	ShahidForChange	Political - Other	Democrat / Left	Shahid Buttar for Congress
2323448533	SpiroAgnewGhost	Political - Other	Democrat / Left	Spiro Agnew's Ghost
61371461	AkilahObviously	Journalist	Democrat / Left	Akilah Hughes
161731355	ForrestBennett	Political - Elected Official	Democrat / Left	Forrest Bennet
35516339	AbdulElSayed	Political - Other	Democrat / Left	Dr. Abdul El-Sayed
851985789072408576	HighWireTalk	Media Outlet	Republican / Right	The HighWire
1915033663	davidhogg111	Political - Other	Democrat / Left	David Hogg
815733290955112448	RepJayapal	Political - Other	Democrat / Left	Rep. Pramila Jayapal
2880052887	trom771	Political - Other	Democrat / Left	Ted
8349572	justin_hart	Journalist	Republican / Right	Justin Hart
7860902	ilyseh	Political - Other	Democrat / Left	Ilyse Hogue
21149655	ArthurSchwartz	Political - Other	Republican / Right	Arthur Schwartz
87853386	rebeccanagle	Journalist	Democrat / Left	Rebecca Nagle
111683028	mikefarb1	Journalist	Democrat / Left	MikeFarb
36618079	drmistercody	Journalist	Democrat / Left	Cody Johnston
23593446	davidcicilline	Political - Elected Official	Democrat / Left	David Cicilline
2704681687	EthicalSkeptic	Political - Other	Republican / Right	Ethical Skeptic
18124790	MSignorile	Journalist	Democrat / Left	Michelangelo Signorile
1067968702400876544	american2084	Political - Other	Democrat / Left	Steve Herzfeld
2329492448	OliviaTroye	Political - Other	Republican / Right	Olivia of Troye
1106771843929788419	NotHoodlum	Political - Other	Democrat / Left	Hoodlum
14709326	GravelInstitute	Political - Other	Democrat / Left	Gravel Institute
1078473840	MayorKirkHNL	Political - Elected Official	Democrat / Left	Kirk Caldwell
87371781	Imani_Barbarin	Political - Other	Democrat / Left	Imani Barbarin, MAGC | Crutches&Spice
784890784273215488	BillyBaldwin	Political - Other	Democrat / Left	Billy Baldwin
24439201	jameshohmann	Political - Other	Democrat / Left	James Hohmann
49698174	tomselliott	Political - Other	Republican / Right	Tom Elliott
322128988	DanielGStone	Political - Other	Democrat / Left	Daniel Stone
1274893135823290368	StarChicken7	Political - Other	Democrat / Left	StarChicken - „Éû„É¶„Éü (¬Ø ¬ØŸ•)
2315698776	mchooyah	Political - Other	Republican / Right	Robert J. O'Neill
863320472641044481	RespectableLaw	Political - Other	Democrat / Left	Respectable Lawyer
1585983950	NathanHRubin	Journalist	Democrat / Left	Nathan H. Rubin
435331179	RashidaTlaib	Political - Elected Official	Democrat / Left	Rashida Tlaib
767788995962998784	ReallyAmerican1	Media Outlet	Democrat / Left	ReallyAmerican.com
899149856	vicksiern	Political - Other	Republican / Right	vicki cecilX
245424983	rweingarten	Political - Other	Democrat / Left	Randi Weingarten
521747968	ossoff	Political - Elected Official	Democrat / Left	Jon Ossoff
372483103	MarkHarrisNYC	Political - Other	Democrat / Left	Mark Harris
1201348645225930752	lmauricecpr	Political - Other	Democrat / Left	Grande Capo
3938173949	KayKosmos	Political - Other	Democrat / Left	Kay
1006474869570093056	samanthamarika1	Political - Other	Republican / Right	samanthamarika
14125005	lyzl	Political - Other	Democrat / Left	Lyz Lenz
28185163	BeauWillimon	Political - Other	Democrat / Left	Beau Willimon
15455253	nedryun	Political - Other	Republican / Right	Ned Ryun
18379614	RubinReport	Journalist	Republican / Right	Dave Rubin
15368940	GottaLaff	Journalist	Democrat / Left	Laffy
25198779	amandamull	Political - Other	Democrat / Left	Amanda Mull
1093245238917955588	HarrisCoJudge	Political - Elected Official	Democrat / Left	Office of Judge Lina Hidalgo
640893	EWErickson	Journalist	Republican / Right	Erick Erickson
2491804962	EnglishTeach07	Political - Other	Democrat / Left	Jess Piper
925812848537800706	NicoleClowneyAR	Political - Elected Official	Democrat / Left	Nicole Clowney
23098409	aroseblush	Political - Other	Democrat / Left	Alex
15327996	BFriedmanDC	Political - Other	Democrat / Left	Brandon Friedman
1129029661	EdMarkey	Political - Elected Official	Democrat / Left	Ed Markey
1120698997327294464	reedgalen	Political - Other	Democrat / Left	Reed Galen
2434051392	SymoneDSanders	Political - Other	Democrat / Left	Symone D. Sanders
184789840	aginnt	Political - Other	Republican / Right	Aaron Ginn
340613382	NYinLA2121	Political - Other	Democrat / Left	YS
30395567	emrazz	Political - Other	Democrat / Left	feminist next door
1111940934	davidplouffe	Political - Other	Democrat / Left	David Plouffe
492833134	mikandynothem	Political - Other	Republican / Right	Michale N√∂them
36715753	Hoosiers1986	Political - Other	Republican / Right	Bradley Scott
2314055840	mayaharris_	Political - Other	Democrat / Left	Maya Harris
2424440299	SenatorRobHogg	Political - Elected Official	Democrat / Left	Rob Hogg
12046642	LtGovGilchrist	Political - Elected Official	Democrat / Left	Garlin Gilchrist II
247174365	LinaHidalgoTX	Political - Elected Official	Democrat / Left	Lina Hidalgo
231510077	JoaquinCastrotx	Political - Elected Official	Democrat / Left	Joaquin Castro
281633898	nicolergalloway	Political - Elected Official	Democrat / Left	Nicole Galloway
801549353227841536	ida_skibenes	Political - Other	Democrat / Left	Ida Skibenes
101534630	RTMannJr	Political - Other	Democrat / Left	Robert Mann
1599266138	themaxburns	Political - Other	Democrat / Left	Max Burns
1633058688	JamesKosur	Political - Other	Democrat / Left	James Kosur
755946560794558464	amvetsupport	Political - Other	Democrat / Left	American Veteran
50669520	DrJasonJohnson	Political - Other	Democrat / Left	Dr. Jason Johnson
74508260	BillPascrell	Political - Elected Official	Democrat / Left	Bill Pascrell, Jr.
600663197	xjelliott	Political - Elected Official	Democrat / Left	Joyce Elliott
204444440	SexCounseling	Political - Other	Republican / Right	Dr. Dawn Michael
3333055535	EricHolder	Political - Other	Democrat / Left	Eric Holder
21522338	marwilliamson	Political - Other	Democrat / Left	Marianne Williamson
2393323908	thecjpearson	Political - Other	Republican / Right	CJ Pearson
10615232	ChuckGrassley	Political - Elected Official	Republican / Right	ChuckGrassley
197496309	FrankLuntz	Political - Other	Republican / Right	Frank Luntz
21789463	JayInslee	Political - Elected Official	Democrat / Left	Jay Inslee
778763106289758208	JennaEllisEsq	Political - Other	Republican / Right	Jenna Ellis
765197252	ForrestDunbarAK	Political - Elected Official	Democrat / Left	Forrest Dunbar
450341380	madrid_mike	Political - Other	Republican / Right	Mike Madrid
77413975	WindsorMann	Political - Other	Democrat / Left	Windsor Mann
1243560408025198593	MeidasTouch	Political - Other	Democrat / Left	MeidasTouch.com
1083551928821448710	RedWingGrips	Political - Other	Republican / Right	John D
817869452473548800	DrAlGrossAK	Political - Other	Democrat / Left	Dr. Al Gross
16972715	murray_nyc	Political - Other	Democrat / Left	MURRAY
33608041	ksorbs	Political - Other	Republican / Right	Kevin Sorbo
17813513	jeremynewberger	Political - Other	Democrat / Left	Jeremy Newberger
212657985	michelleinbklyn	Political - Other	Democrat / Left	Michelle Goldberg
22663306	my3monkees	Political - Other	Republican / Right	ùïûùïñùïùùïöùï§ùï§ùïí
818282957618216960	SamanthaJPower	Political - Other	Democrat / Left	Samantha Power
394724132	TopherSpiro	Political - Other	Democrat / Left	Topher Spiro
409486555	MichelleObama	Political - Other	Democrat / Left	Michelle Obama
868673067223887872	BaddCompani	Political - Other	Democrat / Left	Badd Company
806862084277407744	ValerieJarrett	Political - Other	Democrat / Left	Valerie Jarrett
1265761679947771905	AccountableGOP	Political - Other	Republican / Right	The Republican Accountability Project
14869615	JuliusGoat	Political - Other	Democrat / Left	A.R. (Actually Republic) Moxon
91150764	Zac_Petkanas	Political - Other	Democrat / Left	Zac Petkanas
4484115214	MarkHertling	Political - Other	Democrat / Left	Mark Hertling
92317603	PhilEhr	Political - Other	Democrat / Left	Phil Ehr
764187379	RachelBitecofer	Political - Other	Democrat / Left	"Rachel ""The Doc"" Bitecofer"
2874102076	stclairashley	Political - Other	Republican / Right	Ashley StClair us
18208368	kurtbardella	Political - Other	Democrat / Left	Kurt Bardella
4726207589	ByYourLogic	Journalist	Democrat / Left	Engagement Farming Today for XP
21348880	Timodc	Political - Other	Republican / Right	Tim Miller
1283359081	GwenGraham	Political - Other	Democrat / Left	Gwen Graham
247334603	SenatorDurbin	Political - Elected Official	Democrat / Left	Senator Dick Durbin
85165134	socialistdogmom	Political - Other	Democrat / Left	molly conger
380468726	MikeConnollyMA	Political - Elected Official	Democrat / Left	Mike Connolly
1965420800	NormEisen	Political - Other	Democrat / Left	Norm Eisen
58348452	TheJordanRachel	Political - Other	Republican / Right	Jordan Rachel
90480218	RichardGrenell	Political - Other	Republican / Right	Richard Grenell
826589191412862976	JoeCunninghamSC	Political - Other	Democrat / Left	Joe Cunningham
15725659	MattWolking	Political - Other	Republican / Right	Matt Wolking
130617778	KeithOlbermann	Political - Other	Democrat / Left	Keith Olbermann
19638751	DavidPepper	Political - Other	Democrat / Left	David Pepper
821784477076750338	DrBiden	Political - Other	Democrat / Left	Dr. Jill Biden
1731223328	TheScottCharles	Political - Other	Democrat / Left	Scott Charles
1178039474346852352	Matthew_4_Trump	Political - Other	Republican / Right	Matthew Holliday
30726383	Pappiness	Political - Other	Democrat / Left	Nick Jack Pappas
1221462414744596483	RpsAgainstTrump	Political - Other	Republican / Right	Republicans against Trumpism
3298708805	Booker4KY	Political - Other	Democrat / Left	Charles Booker
120995738	Freeyourmindkid	Political - Other	Democrat / Left	Black Aziz aNANsi
96648433	Miriam2626	Political - Other	Democrat / Left	Sara Spector
3222921301	avoiceforchoice	Political - Other	Republican / Right	A Voice For Choice Advocacy
369613362	BrianSimsPA	Political - Other	Democrat / Left	Brian Sims
137271569	allareblessed	Political - Other	Democrat / Left	Sean Turner Wear a Mask!
21150492	JunkScience	Political - Other	Republican / Right	Steve Milloy
3317659546	Shawnee_Leath	Political - Other	Democrat / Left	Mary Leath
4639413136	marklutchman	Political - Other	Republican / Right	Mark Lutchman
350822109	ElijahSchaffer	Journalist	Republican / Right	ELIJAH SCHAFFER
19161570	NHJennifer	Political - Other	Republican / Right	Jennifer Horn
1323730225067339784	WhiteHouse	Political - Elected Official	Democrat / Left	The White House
32804484	Bubblebathgirl	Political - Other	Republican / Right	Paul A. Szypula, US Senate Candidate for NY in ‚Äò22
832978972602429440	GrahamAllen_1	Journalist	Republican / Right	Graham Allen
886398296146706432	davenewworld_2	Political - Other	Democrat / Left	Fifty Shades of Whey
4081106480	realDailyWire	Media Outlet	Republican / Right	The Daily Wire
16968683	yarbro	Political - Elected Official	Democrat / Left	Jeff Yarbro
26044686	Ruth_HHopkins	Political - Other	Democrat / Left	Ruth H. Hopkins, B.S., M.S., J.D.
17974481	nkjemisin	Political - Other	Democrat / Left	N. K. Jemisin
878087280321335298	KaitMarieox	Journalist	Republican / Right	Kaitlin Bennett
2945287090	RealBrysonGray	Political - Other	Republican / Right	ALBUMS OUT NOW
226194552	LegendaryEnergy	Political - Other	Republican / Right	An0maly
1066773270773547008	blackwomenviews	Journalist	Democrat / Left	BlackWomenViews Media
4510762632	maya_chavez_	Political - Other	Democrat / Left	Maya Chavez
1221242033530195970	ReverendWarnock	Political - Elected Official	Democrat / Left	Senator Reverend Raphael Warnock
825829081866436608	irishrygirl	Political - Other	Democrat / Left	Irishrygirl
972909709	Braveheart_USA	Political - Other	Republican / Right	BraveHeart
454513795	9NewsNancy	Political - Other	Republican / Right	NANCY
14377605	TheDemocrats	Political - Elected Official	Democrat / Left	The Democrats
1201670995435646976	laurenboebert	Political - Elected Official	Republican / Right	Lauren Boebert
2366083123	mrotzie	Political - Other	Democrat / Left	hodel in the streets, chava in the sheets
125128723	RaheemKassam	Journalist	Republican / Right	Raheem Kassam
481762079	BlackCatUnloads	Political - Other	Democrat / Left	Aaron Black
3180247177	KevinKileyCA	Political - Elected Official	Republican / Right	Kevin Kiley
798953701972938752	NickKnudsenUS	Political - Other	Democrat / Left	Nick Knedsen üá∫üá∏
858466264875900929	mccaffreyr3	Political - Other	Democrat / Left	Barry R McCaffrey
87679233	AlexBerenson	Political - Other	Republican / Right	Alex Berenson
23176276	MeghanMcCain	Political - Other	Republican / Right	Meghan McCain
23865382	AnaKasparian	Journalist	Democrat / Left	Ana Kasparian
240107748	DavidAFrench	Political - Other	Democrat / Left	David French
2438831503	ChanelRion	Journalist	Republican / Right	Chanel Rion OAN
245441097	JoeConchaTV	Political - Other	Republican / Right	Joe Concha
14298769	MollyJongFast	Political - Other	Democrat / Left	@MollyJongFast
143104075	KyleKulinski	Journalist	Democrat / Left	Secular Talk
14542977	TomJChicago	Journalist	Democrat / Left	Tom Joseph
14619527	ericuman	Journalist	Democrat / Left	Eric Umansky
15464697	JuddLegum	Journalist	Democrat / Left	Judd Legum
15515169	toddstarnes	Journalist	Republican / Right	toddstarnes
155784594	TVietor08	Journalist	Democrat / Left	Tommy Vietor
15694863	beyerstein	Journalist	Democrat / Left	Lindsay Beyerstein
1003107003693137921	glennkirschner2	Political - Other	Democrat / Left	Glenn Kirschner
101816065	joelockhart	Political - Other	Democrat / Left	Joe Lockhart
112047805	brithume	Political - Other	Republican / Right	Brit Hume
115563859	richardhine	Political - Other	Democrat / Left	Richard Hine
11744152	yashar	Journalist	Democrat / Left	Yashar Ali
121489431	CharlesPPierce	Political - Other	Democrat / Left	Charles P. Pierce
123281100	AndyOstroy	Political - Other	Democrat / Left	Andy Ostroy
138182116	trish_regan	Journalist	Republican / Right	Trish Regan
14146966	aravosis	Journalist	Democrat / Left	John Aravosis üá∫üá∏üá¨üá∑üè≥Ô∏è‚Äçüåà
14190948	jbouie	Political - Other	Democrat / Left	b-boy bouiebaisse
14251225	jheil	Journalist	Democrat / Left	John Heilemann
288277167	atrupar	Political - Other	Democrat / Left	Aaron Rupar
2949261587	BenjaminPDixon	Journalist	Democrat / Left	Benjamin Dixon
3096996858	JohnsonHildy	Journalist	Republican / Right	Mairead McArdle
50772918	ClayTravis	Journalist	Republican / Right	Clay Travis
523248016	jsolomonReports	Journalist	Republican / Right	John Solomon
535643852	JordanSchachtel	Journalist	Republican / Right	Jordan Schachtel
547007735	meaganmday	Political - Other	Democrat / Left	Meagan Day
55376380	MattGertz	Political - Other	Democrat / Left	Matthew Gertz
558360059	Zigmanfreud	Political - Other	Republican / Right	John Ziegler
570248641	DermotMCole	Journalist	Democrat / Left	Dermot Cole
604940737	HeerJeet	Journalist	Democrat / Left	Jeet Heer
25202268	SaraCarterDC	Journalist	Republican / Right	Sara A. Carter
252398355	RMConservative	Journalist	Republican / Right	Daniel Horowitz
264361128	Liz_Wheeler	Political - Other	Republican / Right	Liz Wheeler
26487169	LouDobbs	Journalist	Republican / Right	Lou Dobbs
27000730	Timcast	Journalist	Republican / Right	Tim Pool
27995424	johncardillo	Political - Other	Republican / Right	John Cardillo
2835451658	MrAndyNgo	Political - Other	Republican / Right	Andy Ngo
742453163098296320	EmmaVigeland	Journalist	Democrat / Left	Emma Vigeland
177564016	SteveDeaceShow	Journalist	Republican / Right	Steve Deace
18005085	MZHemingway	Political - Other	Republican / Right	Mollie
18071459	MarkSimoneNY	Journalist	Republican / Right	MARK SIMONE
18320938	DeanObeidallah	Journalist	Democrat / Left	(((DeanObeidallah)))
19084896	TheRickWilson	Political - Other	Republican / Right	Rick Wilson
19422491	grantstern	Journalist	Democrat / Left	Grant Stern
195271137	larryelder	Journalist	Republican / Right	Larry Elder
19568591	ananavarro	Political - Other	Republican / Right	Ana Navarro-C√°rdenas
21862217	krystalball	Political - Other	Democrat / Left	Krystal Ball
2199541	HelenKennedy	Political - Other	Democrat / Left	Helen Kennedy
334715818	BuckSexton	Journalist	Republican / Right	Buck Sexton
34082620	JesseKellyDC	Journalist	Republican / Right	Jesse Kelly
34643610	EricBoehlert	Political - Other	Democrat / Left	Eric Boehlert
36529101	seanmdav	Political - Other	Republican / Right	Sean Davis
3932768472	EmeraldRobinson	Journalist	Republican / Right	Emerald Robinson
932011810235891712	alexsalvinews	Journalist	Republican / Right	Alex Salvi
96505646	WarOnDumb	Political - Other	Democrat / Left	Kyle Whitmire
40353407	ElieNYC	Political - Other	Democrat / Left	Elie Mysta
41634520	seanhannity	Journalist	Republican / Right	Sean Hannity
479724576	WalkerBragman	Political - Other	Democrat / Left	Walker Bragman
16116288	rolandsmartin	Political - Other	Democrat / Left	rolandsmartin
16989178	jamesokeefeiii	Political - Other	Republican / Right	James O'Keefe
