scrub	user_id	name	screen_name	location	description	url	protected	followers_count	friends_count	listed_count	created_at	favourites_count	utc_offset	time_zone	geo_enabled	verified	statuses_count	lang	contributors_enabled	is_translator	is_translation_enabled	profile_background_color	profile_background_image_url	profile_background_image_url_https	profile_background_tile	profile_image_url	profile_image_url_https	profile_banner_url	profile_link_color	profile_sidebar_border_color	profile_sidebar_fill_color	profile_text_color	profile_use_background_image	has_extended_profile	default_profile	default_profile_image	following	follow_request_sent	notifications	translator_type	n	prop
0	807095	The New York Times	nytimes	New York City	News tips? Share them here: https://t.co/ghL9OoYKMM	http://t.co/ahvuWqicF9	FALSE	50118378	838	209979	3/2/07 20:41	18542			FALSE	TRUE	440028		FALSE	FALSE	TRUE	131516	http://abs.twimg.com/images/themes/theme14/bg.gif	https://abs.twimg.com/images/themes/theme14/bg.gif	TRUE	http://pbs.twimg.com/profile_images/1098244578472280064/gjkVMelR_normal.png	https://pbs.twimg.com/profile_images/1098244578472280064/gjkVMelR_normal.png	https://pbs.twimg.com/profile_banners/807095/1584666392	607696	FFFFFF	EFEFEF	333333	TRUE	FALSE	FALSE	FALSE	FALSE	FALSE	FALSE	none	190	0.429864253
0	2467791	The Washington Post	washingtonpost	Washington, DC	Democracy Dies in Darkness.	http://t.co/Hq7hTYkOPg	FALSE	18059624	1718	102391	3/27/07 11:19	4298			TRUE	TRUE	396401		FALSE	FALSE	TRUE	333333	http://abs.twimg.com/images/themes/theme1/bg.png	https://abs.twimg.com/images/themes/theme1/bg.png	FALSE	http://pbs.twimg.com/profile_images/1060271522319925257/fJKwJ0r2_normal.jpg	https://pbs.twimg.com/profile_images/1060271522319925257/fJKwJ0r2_normal.jpg	https://pbs.twimg.com/profile_banners/2467791/1469484132	0057EC	FFFFFF	DBDBDB	323232	TRUE	FALSE	FALSE	FALSE	FALSE	FALSE	FALSE	regular	170	0.384615385
0	759251	CNN	CNN	""	It‚Äôs our job to #GoThere & tell the most difficult stories. Join us! For more breaking news updates follow @CNNBRK & download our app https://t.co/UCHG9M367J	http://t.co/IaghNW8Xm2	FALSE	54152672	1102	149226	2/9/07 0:35	1405			TRUE	TRUE	347256		FALSE	FALSE	TRUE	323232	http://abs.twimg.com/images/themes/theme1/bg.png	https://abs.twimg.com/images/themes/theme1/bg.png	FALSE	http://pbs.twimg.com/profile_images/1278259160644227073/MfCyF7CG_normal.jpg	https://pbs.twimg.com/profile_images/1278259160644227073/MfCyF7CG_normal.jpg	https://pbs.twimg.com/profile_banners/759251/1624311855	4287	0	EEEEEE	0	FALSE	FALSE	FALSE	FALSE	FALSE	FALSE	FALSE	regular	163	0.368778281
0	428333	CNN Breaking News	cnnbrk	Everywhere	Breaking news from CNN Digital. Now 61M strong. Check @cnn for all things CNN, breaking and more. Download the app for custom alerts: https://t.co/8bf79vV51N	http://t.co/HjKR4r61U5	FALSE	61118837	119	189137	1/2/07 1:48	27			FALSE	TRUE	75693		FALSE	FALSE	TRUE	323232	http://abs.twimg.com/images/themes/theme1/bg.png	https://abs.twimg.com/images/themes/theme1/bg.png	FALSE	http://pbs.twimg.com/profile_images/925092227667304448/fAY1HUu3_normal.jpg	https://pbs.twimg.com/profile_images/925092227667304448/fAY1HUu3_normal.jpg	https://pbs.twimg.com/profile_banners/428333/1531855520	4287	DADADA	EEEEEE	0	TRUE	FALSE	FALSE	FALSE	FALSE	FALSE	FALSE	regular	159	0.359728507
0	742143	BBC News (World)	BBCWorld	London, UK	News, features and analysis from the World's newsroom. Breaking news, follow @BBCBreaking. UK news, @BBCNews. Latest sports news @BBCSport	https://t.co/7NEgoMwJy3	FALSE	32353603	18	124822	2/1/07 7:44	13			TRUE	TRUE	330709		FALSE	FALSE	TRUE	FFFFFF	http://abs.twimg.com/images/themes/theme1/bg.png	https://abs.twimg.com/images/themes/theme1/bg.png	FALSE	http://pbs.twimg.com/profile_images/1150717770478379008/8-XiwK-s_normal.png	https://pbs.twimg.com/profile_images/1150717770478379008/8-XiwK-s_normal.png	https://pbs.twimg.com/profile_banners/742143/1621582392	1F527B	FFFFFF	FFFFFF	5A5A5A	TRUE	FALSE	FALSE	FALSE	FALSE	FALSE	FALSE	none	156	0.352941176
0	1652541	Reuters	Reuters	Around the world	Top and breaking news, pictures and videos from Reuters. For more breaking business news, follow @ReutersBiz.	http://t.co/BmHxhkm3Mh	FALSE	23586590	1167	128100	3/20/07 17:46	755			FALSE	TRUE	720300		FALSE	FALSE	TRUE	444444	http://abs.twimg.com/images/themes/theme1/bg.png	https://abs.twimg.com/images/themes/theme1/bg.png	FALSE	http://pbs.twimg.com/profile_images/1194751949821939712/3VBu4_Sa_normal.jpg	https://pbs.twimg.com/profile_images/1194751949821939712/3VBu4_Sa_normal.jpg	https://pbs.twimg.com/profile_banners/1652541/1573687397	006F97	0	F5F5F5	0	TRUE	FALSE	FALSE	FALSE	FALSE	FALSE	FALSE	regular	148	0.334841629
0	5402612	BBC Breaking News	BBCBreaking	London, UK	Breaking news alerts and updates from the BBC. For news, features, analysis follow @BBCWorld (international) or @BBCNews (UK). Latest sport news @BBCSport.	http://t.co/vBzl7LOaso	FALSE	47944280	3	141959	4/22/07 14:42	0			FALSE	TRUE	37361		FALSE	FALSE	TRUE	FFFFFF	http://abs.twimg.com/images/themes/theme1/bg.png	https://abs.twimg.com/images/themes/theme1/bg.png	FALSE	http://pbs.twimg.com/profile_images/1150716997254209536/M7gkjsv5_normal.jpg	https://pbs.twimg.com/profile_images/1150716997254209536/M7gkjsv5_normal.jpg	https://pbs.twimg.com/profile_banners/5402612/1621582419	1F527B	FFFFFF	FFFFFF	5A5A5A	TRUE	FALSE	FALSE	FALSE	FALSE	FALSE	FALSE	none	147	0.332579186
0	51241574	The Associated Press	AP	Global	News from The Associated Press, and a taste of the great journalism produced by AP members and customers.	https://t.co/48pFaJVRcr	FALSE	15215167	6873	100598	6/26/09 21:48	3467			FALSE	TRUE	295234		FALSE	FALSE	TRUE	333333	http://abs.twimg.com/images/themes/theme1/bg.png	https://abs.twimg.com/images/themes/theme1/bg.png	FALSE	http://pbs.twimg.com/profile_images/461964160838803457/8z9FImcv_normal.png	https://pbs.twimg.com/profile_images/461964160838803457/8z9FImcv_normal.png	https://pbs.twimg.com/profile_banners/51241574/1605555656	CC3300	FFFFFF	CCCCCC	333333	TRUE	FALSE	FALSE	FALSE	FALSE	FALSE	FALSE	none	147	0.332579186
0	3108351	The Wall Street Journal	WSJ	New York, NY	Sign up for our newsletters and email alerts: https://t.co/WFU7oLKkip	https://t.co/GhhR6PLfem	FALSE	18889971	1041	121180	4/1/07 6:22	1161			TRUE	TRUE	345195		FALSE	FALSE	TRUE	EDF2F5	http://abs.twimg.com/images/themes/theme14/bg.gif	https://abs.twimg.com/images/themes/theme14/bg.gif	FALSE	http://pbs.twimg.com/profile_images/971415515754266624/zCX0q9d5_normal.jpg	https://pbs.twimg.com/profile_images/971415515754266624/zCX0q9d5_normal.jpg	https://pbs.twimg.com/profile_banners/3108351/1562333209	1164B8	FFFFFF	EFEFEF	333333	FALSE	FALSE	FALSE	FALSE	FALSE	FALSE	FALSE	regular	143	0.323529412
0	1367531	Fox News	FoxNews	U.S.A.	Follow America's #1 cable news network, delivering you breaking news, insightful analysis, and must-see videos. https://t.co/3gb0b8MMza	http://t.co/ZYG58XZtAC	FALSE	20115932	261	68967	3/17/07 19:01	2			TRUE	TRUE	430100		FALSE	FALSE	TRUE	0E2331	http://abs.twimg.com/images/themes/theme1/bg.png	https://abs.twimg.com/images/themes/theme1/bg.png	FALSE	http://pbs.twimg.com/profile_images/918480715158716419/4X8oCbge_normal.jpg	https://pbs.twimg.com/profile_images/918480715158716419/4X8oCbge_normal.jpg	https://pbs.twimg.com/profile_banners/1367531/1492649996	183A52	FFFFFF	F4F4F4	0	TRUE	FALSE	FALSE	FALSE	FALSE	FALSE	FALSE	regular	127	0.287330317
0	28785486	ABC News	ABC	New York City / Worldwide	All the news and information you need to see, curated by the @ABC News team. Watch full ABC News broadcasts on @Hulu: https://t.co/w3wQ1O1Szs	https://t.co/26XEt8onYo	FALSE	16698473	503	62833	4/4/09 12:40	23			TRUE	TRUE	353371		FALSE	FALSE	TRUE	6E8EB5	http://abs.twimg.com/images/themes/theme1/bg.png	https://abs.twimg.com/images/themes/theme1/bg.png	FALSE	http://pbs.twimg.com/profile_images/1082358814819536896/19QbYCgF_normal.jpg	https://pbs.twimg.com/profile_images/1082358814819536896/19QbYCgF_normal.jpg	https://pbs.twimg.com/profile_banners/28785486/1505493568	336699	FFFFFF	DDEEF6	333333	TRUE	FALSE	FALSE	FALSE	FALSE	FALSE	FALSE	regular	123	0.278280543
0	14173315	NBC News	NBCNews	New York, NY	News updates from around the üåé, all day, every day. Home of @NBCAsianAmerica, @NBCBLK, @NBCLatino and @NBCOUT.	https://t.co/Z73is4fJ3x	FALSE	8534994	1843	47990	3/18/08 23:19	785			TRUE	TRUE	310169		FALSE	FALSE	FALSE	62131	http://abs.twimg.com/images/themes/theme1/bg.png	https://abs.twimg.com/images/themes/theme1/bg.png	TRUE	http://pbs.twimg.com/profile_images/1338497918387572736/DXHbTEJG_normal.jpg	https://pbs.twimg.com/profile_images/1338497918387572736/DXHbTEJG_normal.jpg	https://pbs.twimg.com/profile_banners/14173315/1593479928	5172A0	FFFFFF	FFFFFF	0	TRUE	FALSE	FALSE	FALSE	FALSE	FALSE	FALSE	none	112	0.253393665
0	5988062	The Economist	TheEconomist	London	News and analysis with a global perspective. Subscribe here: https://t.co/mcHddSSy9U	https://t.co/pN0OAmG4SP	FALSE	25667941	134	117519	5/12/07 13:04	155			FALSE	TRUE	268363		FALSE	FALSE	TRUE	DFDFDF	http://abs.twimg.com/images/themes/theme1/bg.png	https://abs.twimg.com/images/themes/theme1/bg.png	TRUE	http://pbs.twimg.com/profile_images/879361767914262528/HdRauDM-_normal.jpg	https://pbs.twimg.com/profile_images/879361767914262528/HdRauDM-_normal.jpg	https://pbs.twimg.com/profile_banners/5988062/1626356191	E3120B	FFFFFF	DDEEF6	2C2E2D	TRUE	FALSE	FALSE	FALSE	FALSE	FALSE	FALSE	none	111	0.251131222
0	87818409	The Guardian	guardian	London	The need for independent journalism has never been greater. Become a Guardian supporter: https://t.co/gWyuUVlObq	https://t.co/c53pnmnuIT	FALSE	9801991	1072	65981	11/5/09 23:49	137			FALSE	TRUE	687407		FALSE	FALSE	TRUE	FFFFFF	http://abs.twimg.com/images/themes/theme1/bg.png	https://abs.twimg.com/images/themes/theme1/bg.png	FALSE	http://pbs.twimg.com/profile_images/1175141826870861825/K2qKoGla_normal.png	https://pbs.twimg.com/profile_images/1175141826870861825/K2qKoGla_normal.png	https://pbs.twimg.com/profile_banners/87818409/1620214786	5789	FFFFFF	CAE3F3	333333	FALSE	FALSE	FALSE	FALSE	FALSE	FALSE	FALSE	regular	110	0.248868778
0	14293310	TIME	TIME	""	News and current events from around the globe. Subscribe: https://t.co/yT0dueLEm0	https://t.co/39rKBtbZ0j	FALSE	18151403	506	103708	4/3/08 13:54	542			TRUE	TRUE	374924		FALSE	FALSE	TRUE	CC0000	http://abs.twimg.com/images/themes/theme1/bg.png	https://abs.twimg.com/images/themes/theme1/bg.png	TRUE	http://pbs.twimg.com/profile_images/1367496192662331402/7ye6OsYx_normal.jpg	https://pbs.twimg.com/profile_images/1367496192662331402/7ye6OsYx_normal.jpg	https://pbs.twimg.com/profile_banners/14293310/1625747384	DE3333	0	D9D9D9	0	TRUE	FALSE	FALSE	FALSE	FALSE	FALSE	FALSE	regular	104	0.235294118
0	15012486	CBS News	CBSNews	New York, NY	Your source for original reporting and trusted news.	https://t.co/VGut7r2Vg5	FALSE	8143704	575	54114	6/5/08 0:54	305			FALSE	TRUE	303864		FALSE	FALSE	TRUE	D9DADA	http://abs.twimg.com/images/themes/theme1/bg.png	https://abs.twimg.com/images/themes/theme1/bg.png	FALSE	http://pbs.twimg.com/profile_images/1374394535883673604/4VIECtDH_normal.jpg	https://pbs.twimg.com/profile_images/1374394535883673604/4VIECtDH_normal.jpg	https://pbs.twimg.com/profile_banners/15012486/1616515622	B12124	FFFFFF	EAEDF0	0	TRUE	FALSE	FALSE	FALSE	FALSE	FALSE	FALSE	none	99	0.2239819
0	2836421	MSNBC	MSNBC	""	The place for in-depth analysis, political commentary and diverse perspectives. Home of @MSNBCDaily.	https://t.co/YBwtJIhwY3	FALSE	4263640	776	28677	3/29/07 13:15	816			TRUE	TRUE	255746		FALSE	FALSE	FALSE	0	http://abs.twimg.com/images/themes/theme1/bg.png	https://abs.twimg.com/images/themes/theme1/bg.png	FALSE	http://pbs.twimg.com/profile_images/1321089811290202119/6QEBEjWk_normal.jpg	https://pbs.twimg.com/profile_images/1321089811290202119/6QEBEjWk_normal.jpg	https://pbs.twimg.com/profile_banners/2836421/1617036523	0CB1C7	FFFFFF	EEEEEE	0	TRUE	FALSE	FALSE	FALSE	FALSE	FALSE	FALSE	regular	86	0.194570136
0	2097571	CNN International	cnni	Everywhere	Breaking news from around the world, plus business, style, travel, sport and entertainment. We #gothere.	http://t.co/kdkv08KSgi	FALSE	12460228	365	44986	3/24/07 10:48	132			TRUE	TRUE	257260		FALSE	FALSE	FALSE	3D4544	http://abs.twimg.com/images/themes/theme1/bg.png	https://abs.twimg.com/images/themes/theme1/bg.png	FALSE	http://pbs.twimg.com/profile_images/926050400062631936/Rvynw19f_normal.jpg	https://pbs.twimg.com/profile_images/926050400062631936/Rvynw19f_normal.jpg	https://pbs.twimg.com/profile_banners/2097571/1497863018	4287	FFFFFF	EEEEEE	0	FALSE	FALSE	FALSE	FALSE	FALSE	FALSE	FALSE	none	85	0.192307692
0	9300262	POLITICO	politico	Washington, D.C.	"Nobody knows politics like POLITICO. Got a news tip for us? 
üëâ https://t.co/fp9nugJuND"	https://t.co/PPMyQsPlIg	FALSE	4502803	1593	42889	10/8/07 0:29	94			TRUE	TRUE	355808		FALSE	FALSE	FALSE	E6E6E6	http://abs.twimg.com/images/themes/theme1/bg.png	https://abs.twimg.com/images/themes/theme1/bg.png	TRUE	http://pbs.twimg.com/profile_images/677177503694237697/y6yTzWn6_normal.png	https://pbs.twimg.com/profile_images/677177503694237697/y6yTzWn6_normal.png	https://pbs.twimg.com/profile_banners/9300262/1479760803	DD2E44	FFFFFF	DDEEF6	333333	FALSE	FALSE	FALSE	FALSE	FALSE	FALSE	FALSE	regular	85	0.192307692
0	5392522	NPR	NPR	""	News. Arts & Life. Music & more. This is NPR. üïµÔ∏è Securely send us news tips: https://t.co/qfEoMDe1Hw	https://t.co/NacrixPEkp	FALSE	8712110	68488	69115	4/22/07 5:10	2625			FALSE	TRUE	218235		FALSE	FALSE	TRUE	9AE4E8	http://abs.twimg.com/images/themes/theme1/bg.png	https://abs.twimg.com/images/themes/theme1/bg.png	FALSE	http://pbs.twimg.com/profile_images/1389203506842714114/B7U4lxDE_normal.jpg	https://pbs.twimg.com/profile_images/1389203506842714114/B7U4lxDE_normal.jpg	https://pbs.twimg.com/profile_banners/5392522/1575653448	0000FF	87BC44	E0FF92	0	TRUE	TRUE	FALSE	FALSE	FALSE	FALSE	FALSE	none	83	0.187782805
0	1917731	The Hill	thehill	Washington, DC	The Hill is the premier source for policy and political news. Follow for tweets on what's happening in Washington, breaking news and retweets of our reporters.	http://t.co/t414UtTRv4	FALSE	4213671	288	28347	3/22/07 18:15	10			FALSE	TRUE	903122		FALSE	FALSE	FALSE	9AE4E8	http://abs.twimg.com/images/themes/theme1/bg.png	https://abs.twimg.com/images/themes/theme1/bg.png	TRUE	http://pbs.twimg.com/profile_images/907330975587336193/tw7JPE5v_normal.jpg	https://pbs.twimg.com/profile_images/907330975587336193/tw7JPE5v_normal.jpg	https://pbs.twimg.com/profile_banners/1917731/1434034905	FF0021	ADADAA	EBEBEB	0	TRUE	FALSE	FALSE	FALSE	FALSE	FALSE	FALSE	none	78	0.176470588
0	16664681	Los Angeles Times	latimes	El Segundo, CA	Covering the world with a West Coast perspective. Subscribe now: https://t.co/6Kr8lqVIMd  Write to us: letters@latimes.com	https://t.co/WeffKZ2O0l	FALSE	3799036	7056	34559	10/9/08 11:07	3045			TRUE	TRUE	366374		FALSE	FALSE	FALSE	FFFFFF	http://abs.twimg.com/images/themes/theme16/bg.gif	https://abs.twimg.com/images/themes/theme16/bg.gif	FALSE	http://pbs.twimg.com/profile_images/1372216202819346434/v6Qz0D8h_normal.jpg	https://pbs.twimg.com/profile_images/1372216202819346434/v6Qz0D8h_normal.jpg	https://pbs.twimg.com/profile_banners/16664681/1609354452	9999	FFFFFF	EFEFEF	615F61	TRUE	FALSE	FALSE	FALSE	FALSE	FALSE	FALSE	regular	77	0.174208145
0	14511951	HuffPost	HuffPost	""	At HuffPost, we put people first. We believe that real life is news, and news is personal. Read more: https://t.co/yRpf6zNyOL	https://t.co/DLXRSufyhx	FALSE	11354720	5600	82109	4/24/08 14:07	1145			TRUE	TRUE	582945		FALSE	FALSE	TRUE	2E7060	http://abs.twimg.com/images/themes/theme3/bg.gif	https://abs.twimg.com/images/themes/theme3/bg.gif	FALSE	http://pbs.twimg.com/profile_images/1295829554225795072/_Ph3zAnF_normal.jpg	https://pbs.twimg.com/profile_images/1295829554225795072/_Ph3zAnF_normal.jpg	https://pbs.twimg.com/profile_banners/14511951/1572817597	0DBE98	FFFFFF	E3E2DE	0	TRUE	FALSE	FALSE	FALSE	FALSE	FALSE	FALSE	none	76	0.171945701
0	15754281	USA TODAY	USATODAY	USA TODAY HQ, McLean, Va.	The latest news and most interesting stories from USA TODAY. News that's meant to be shared.	http://t.co/7xDl0vVHSt	FALSE	4375238	881	35921	8/6/08 19:55	2752			FALSE	TRUE	354049		FALSE	FALSE	FALSE	0092D0	http://abs.twimg.com/images/themes/theme1/bg.png	https://abs.twimg.com/images/themes/theme1/bg.png	FALSE	http://pbs.twimg.com/profile_images/924991591642796032/v90LrlR__normal.jpg	https://pbs.twimg.com/profile_images/924991591642796032/v90LrlR__normal.jpg	https://pbs.twimg.com/profile_banners/15754281/1509370165	0000FF	FFFFFF	FFFFFF	0	FALSE	FALSE	FALSE	FALSE	FALSE	FALSE	FALSE	regular	76	0.171945701
0	4970411	Al Jazeera English	AJEnglish	Doha, Qatar	Hear the human story and join the discussion. We go beyond cold facts and bring to light what really matters. For breaking news alerts, follow @AJENews.	https://t.co/D38RZjLnhI	FALSE	6966619	235	53507	4/17/07 8:23	8368			TRUE	TRUE	283857		FALSE	FALSE	TRUE	FFFFFF	http://abs.twimg.com/images/themes/theme1/bg.png	https://abs.twimg.com/images/themes/theme1/bg.png	TRUE	http://pbs.twimg.com/profile_images/1190503555901394944/T4qowO0X_normal.jpg	https://pbs.twimg.com/profile_images/1190503555901394944/T4qowO0X_normal.jpg	https://pbs.twimg.com/profile_banners/4970411/1617188366	234D8C	FFFFFF	DDDDDD	0	FALSE	FALSE	FALSE	FALSE	FALSE	FALSE	FALSE	none	73	0.165158371
0	34713362	Bloomberg	business	New York and the World	The first word in business news.	http://t.co/YFISwy1upH	FALSE	7408571	1339	62309	4/23/09 20:05	1810			FALSE	TRUE	698928		FALSE	FALSE	TRUE	101112	http://abs.twimg.com/images/themes/theme9/bg.gif	https://abs.twimg.com/images/themes/theme9/bg.gif	TRUE	http://pbs.twimg.com/profile_images/991818020233404416/alrBF_dr_normal.jpg	https://pbs.twimg.com/profile_images/991818020233404416/alrBF_dr_normal.jpg	https://pbs.twimg.com/profile_banners/34713362/1503349279	3B94D9	DADADA	EEEEEE	666666	TRUE	FALSE	FALSE	FALSE	FALSE	FALSE	FALSE	none	73	0.165158371
0	13850422	CNN Politics	CNNPolitics	Washington, DC	Political news, campaign stories and Washington coverage from CNN Politics.	https://t.co/KWFMkrEjdY	FALSE	4144715	344	21117	2/23/08 3:12	4			FALSE	TRUE	204014		FALSE	FALSE	FALSE	100F14	http://abs.twimg.com/images/themes/theme1/bg.png	https://abs.twimg.com/images/themes/theme1/bg.png	TRUE	http://pbs.twimg.com/profile_images/918899077168934912/NrRRE0_b_normal.jpg	https://pbs.twimg.com/profile_images/918899077168934912/NrRRE0_b_normal.jpg	https://pbs.twimg.com/profile_banners/13850422/1605728394	0000FF	FFFFFF	F1F5E7	0	TRUE	FALSE	FALSE	FALSE	FALSE	FALSE	FALSE	none	69	0.156108597
0	20402945	CNBC	CNBC	Englewood Cliffs, NJ	First in business worldwide.	https://t.co/fdcFKDtOzb	FALSE	4213760	848	35578	2/9/09 0:03	641			TRUE	TRUE	438590		FALSE	FALSE	FALSE	0D181F	http://abs.twimg.com/images/themes/theme1/bg.png	https://abs.twimg.com/images/themes/theme1/bg.png	FALSE	http://pbs.twimg.com/profile_images/1317082585382735874/DBEM-rWK_normal.png	https://pbs.twimg.com/profile_images/1317082585382735874/DBEM-rWK_normal.png	https://pbs.twimg.com/profile_banners/20402945/1601925989	2D648A	FFFFFF	EAEBEA	333333	TRUE	FALSE	FALSE	FALSE	FALSE	FALSE	FALSE	none	68	0.153846154
0	7587032	Sky News	SkyNews	London, UK	"We take you to the heart of the stories that shape our world. 

For breaking news, follow @SkyNewsBreak"	https://t.co/SnOv0usOtw	FALSE	7195520	25	27814	7/19/07 14:42	1			FALSE	TRUE	471780		FALSE	FALSE	TRUE	0	http://abs.twimg.com/images/themes/theme1/bg.png	https://abs.twimg.com/images/themes/theme1/bg.png	FALSE	http://pbs.twimg.com/profile_images/1400331605974077442/kelepCgF_normal.jpg	https://pbs.twimg.com/profile_images/1400331605974077442/kelepCgF_normal.jpg	https://pbs.twimg.com/profile_banners/7587032/1622700167	385FAC	0	EDEDED	333333	TRUE	FALSE	FALSE	FALSE	FALSE	FALSE	FALSE	none	67	0.15158371
0	91478624	Forbes	Forbes	New York, NY	Official account of Forbes, the world‚Äôs leading voice for entrepreneurial success and free enterprise, and home to breaking news, business, money and more.	http://t.co/KH6EtekF5q	FALSE	16934844	5171	59978	11/21/09 2:09	10203			TRUE	TRUE	308360		FALSE	FALSE	TRUE	72250	http://abs.twimg.com/images/themes/theme1/bg.png	https://abs.twimg.com/images/themes/theme1/bg.png	FALSE	http://pbs.twimg.com/profile_images/1106672424605630465/IC9ipKIt_normal.png	https://pbs.twimg.com/profile_images/1106672424605630465/IC9ipKIt_normal.png	https://pbs.twimg.com/profile_banners/91478624/1619144625	72250	CCCCCC	F7F7F7	0	TRUE	FALSE	FALSE	FALSE	FALSE	FALSE	FALSE	regular	67	0.15158371
0	788524	Guardian news	guardiannews	""	The need for independent journalism has never been greater. Become a Guardian supporter: https://t.co/KXycIPGfHd	https://t.co/PJxUC0RWyr	FALSE	3574294	1236	33985	2/22/07 12:32	12			TRUE	TRUE	275257		FALSE	FALSE	FALSE	FFFFFF	http://abs.twimg.com/images/themes/theme1/bg.png	https://abs.twimg.com/images/themes/theme1/bg.png	FALSE	http://pbs.twimg.com/profile_images/1061915596328263680/EcBjYl5z_normal.jpg	https://pbs.twimg.com/profile_images/1061915596328263680/EcBjYl5z_normal.jpg	https://pbs.twimg.com/profile_banners/788524/1542015319	5789	FFFFFF	CAE3F3	333333	FALSE	FALSE	FALSE	FALSE	FALSE	FALSE	FALSE	regular	67	0.15158371
0	16973333	The Independent	Independent	London, England	News, comment and features from The Independent. Try an ad-free experience with access to premium articles with our app: https://t.co/3cP3AmmEDy	https://t.co/gZeS7qlNx6	FALSE	3568427	640	25170	10/26/08 0:00	54			FALSE	TRUE	1146380		FALSE	FALSE	TRUE	EBEBEB	http://abs.twimg.com/images/themes/theme1/bg.png	https://abs.twimg.com/images/themes/theme1/bg.png	TRUE	http://pbs.twimg.com/profile_images/1410564543361716226/gfgxZ-kN_normal.jpg	https://pbs.twimg.com/profile_images/1410564543361716226/gfgxZ-kN_normal.jpg	https://pbs.twimg.com/profile_banners/16973333/1610959834	FC051A	FFFFFF	FFFFFF	333333	TRUE	FALSE	FALSE	FALSE	FALSE	FALSE	FALSE	none	66	0.149321267
0	14677919	The New Yorker	NewYorker	New York, NY	Unparalleled reporting and commentary on politics and culture, plus humor and cartoons, fiction and poetry, reviews, and criticism.	https://t.co/RLTwD4X3RQ	FALSE	8959898	383	63996	5/6/08 19:36	1985			TRUE	TRUE	125551		FALSE	FALSE	TRUE	9AE4E8	http://abs.twimg.com/images/themes/theme16/bg.gif	https://abs.twimg.com/images/themes/theme16/bg.gif	FALSE	http://pbs.twimg.com/profile_images/1226890596280885248/qdLQ8M7i_normal.png	https://pbs.twimg.com/profile_images/1226890596280885248/qdLQ8M7i_normal.png	https://pbs.twimg.com/profile_banners/14677919/1581364143	0084B4	BDDCAD	DDFFCC	333333	TRUE	FALSE	FALSE	FALSE	FALSE	FALSE	FALSE	none	63	0.142533937
0	612473	BBC News (UK)	BBCNews	London	News, features and analysis. For world news, follow @BBCWorld. Breaking news, follow @BBCBreaking. Latest sport news @BBCSport. Our Instagram: BBCNews	https://t.co/vBzl7LNCCQ	FALSE	12439071	93	45922	1/8/07 8:05	45			TRUE	TRUE	460518		FALSE	FALSE	TRUE	FFFFFF	http://abs.twimg.com/images/themes/theme1/bg.png	https://abs.twimg.com/images/themes/theme1/bg.png	FALSE	http://pbs.twimg.com/profile_images/1150718511129477120/2N_GW7HR_normal.png	https://pbs.twimg.com/profile_images/1150718511129477120/2N_GW7HR_normal.png	https://pbs.twimg.com/profile_banners/612473/1621582368	1F527B	FFFFFF	FFFFFF	5A5A5A	TRUE	FALSE	FALSE	FALSE	FALSE	FALSE	FALSE	regular	57	0.128959276
0	6017542	Breaking News	BreakingNews	NYC, LA, London	""	https://t.co/yjD4mOeepa	FALSE	9636944	547	84378	5/13/07 23:06	6			TRUE	TRUE	106528		FALSE	FALSE	TRUE	EEEEEE	http://abs.twimg.com/images/themes/theme7/bg.gif	https://abs.twimg.com/images/themes/theme7/bg.gif	FALSE	http://pbs.twimg.com/profile_images/1108430392267280389/ufmFwzIn_normal.png	https://pbs.twimg.com/profile_images/1108430392267280389/ufmFwzIn_normal.png	https://pbs.twimg.com/profile_banners/6017542/1595006261	CC0000	FFFFFF	F3F3F3	333333	TRUE	FALSE	FALSE	FALSE	FALSE	FALSE	FALSE	regular	55	0.124434389
0	18949452	Financial Times	FT	London	Big stories and breaking news headlines as they are published on https://t.co/5BsmLs9y1Z. For a curated feed of our journalism, follow @financialtimes	http://t.co/dnhLQpd9BY	FALSE	4627737	781	40592	1/13/09 19:28	37			FALSE	TRUE	287422		FALSE	FALSE	FALSE	FFF1E0	http://abs.twimg.com/images/themes/theme1/bg.png	https://abs.twimg.com/images/themes/theme1/bg.png	FALSE	http://pbs.twimg.com/profile_images/931156393108885504/EqEMtLhM_normal.jpg	https://pbs.twimg.com/profile_images/931156393108885504/EqEMtLhM_normal.jpg	https://pbs.twimg.com/profile_banners/18949452/1581526592	9E2F50	FFFFFF	E9DECF	0	TRUE	FALSE	FALSE	FALSE	FALSE	FALSE	FALSE	none	54	0.122171946
0	2347049341	Vox	voxdotcom	""	Understand the news. Support Vox with a contribution: https://t.co/mWnBdEt4LM	http://t.co/RnqX4a68G1	FALSE	1024513	305	16560	2/16/14 15:46	4281			FALSE	TRUE	139502		FALSE	FALSE	FALSE	0	http://abs.twimg.com/images/themes/theme1/bg.png	https://abs.twimg.com/images/themes/theme1/bg.png	TRUE	http://pbs.twimg.com/profile_images/807306191395241984/s8xmWAvU_normal.jpg	https://pbs.twimg.com/profile_images/807306191395241984/s8xmWAvU_normal.jpg	https://pbs.twimg.com/profile_banners/2347049341/1522707898	67818B	0	DDEEF6	333333	TRUE	FALSE	FALSE	FALSE	FALSE	FALSE	FALSE	none	52	0.117647059
0	16343974	The Telegraph	Telegraph	London, UK	"Think ahead with the latest news, comment, analysis and video. 

Subscribe here: https://t.co/xLGnIGReLy‚Ä¶"	https://t.co/ve1cMBKSfu	FALSE	3062480	840	19282	9/18/08 6:50	351			FALSE	TRUE	428977		FALSE	FALSE	FALSE	5F5653	http://abs.twimg.com/images/themes/theme15/bg.png	https://abs.twimg.com/images/themes/theme15/bg.png	TRUE	http://pbs.twimg.com/profile_images/943090005723041792/2cjxINlJ_normal.jpg	https://pbs.twimg.com/profile_images/943090005723041792/2cjxINlJ_normal.jpg	https://pbs.twimg.com/profile_banners/16343974/1582025066	3B94D9	FFFFFF	F4F4F0	0	TRUE	FALSE	FALSE	FALSE	FALSE	FALSE	FALSE	regular	51	0.115384615
0	17469289	New York Post	nypost	New York, NY	Breaking news & features from The New York Post. Follow your favorite sections: @pagesix, @nypmetro, @nypostbiz, @nypostsports, @nypfashion, @nypostopinion	https://t.co/MwyanWdKnl	FALSE	2228700	11135	19555	11/18/08 19:46	1957			TRUE	TRUE	406734		FALSE	FALSE	FALSE	0	http://abs.twimg.com/images/themes/theme1/bg.png	https://abs.twimg.com/images/themes/theme1/bg.png	TRUE	http://pbs.twimg.com/profile_images/966372680306868224/60wfGe9e_normal.jpg	https://pbs.twimg.com/profile_images/966372680306868224/60wfGe9e_normal.jpg	https://pbs.twimg.com/profile_banners/17469289/1444326181	CC3333	FFFFFF	DDFFCC	333333	TRUE	FALSE	FALSE	FALSE	FALSE	FALSE	FALSE	none	51	0.115384615
0	2884771	Newsweek	Newsweek	New York, NY	The freedom to disagree.	https://t.co/SAQbvvj0cR	FALSE	3437277	531	37105	3/29/07 19:51	2611			TRUE	TRUE	274226		FALSE	FALSE	FALSE	EE2A26	http://abs.twimg.com/images/themes/theme1/bg.png	https://abs.twimg.com/images/themes/theme1/bg.png	TRUE	http://pbs.twimg.com/profile_images/741603495929905152/di0NxkFa_normal.jpg	https://pbs.twimg.com/profile_images/741603495929905152/di0NxkFa_normal.jpg	https://pbs.twimg.com/profile_banners/2884771/1554409697	990000	FFFFFF	F2F2F2	0	FALSE	FALSE	FALSE	FALSE	FALSE	FALSE	FALSE	none	48	0.108597285
0	35773039	The Atlantic	TheAtlantic	Washington, D.C.	Politics, culture, business, science, technology, health, education, global affairs, more. For assistance, visit https://t.co/j2epQBorJZ	http://t.co/pI6FUBgQdl	FALSE	2105427	1062	30666	4/27/09 15:41	429			FALSE	TRUE	195756		FALSE	FALSE	TRUE	0	http://abs.twimg.com/images/themes/theme1/bg.png	https://abs.twimg.com/images/themes/theme1/bg.png	FALSE	http://pbs.twimg.com/profile_images/1194197788273315845/AA0O_yzc_normal.jpg	https://pbs.twimg.com/profile_images/1194197788273315845/AA0O_yzc_normal.jpg	https://pbs.twimg.com/profile_banners/35773039/1573659023	0	BFBFBF	E6ECF2	408	FALSE	FALSE	FALSE	FALSE	FALSE	FALSE	FALSE	none	48	0.108597285
0	380648579	AFP News Agency	AFP	France	Top news and features from AFP's reporters around the world. Elsewhere on Twitter: https://t.co/4pIm8k2HLC	https://t.co/kqhCI1T6KT	FALSE	2028054	608	23470	9/27/11 0:35	2236			TRUE	TRUE	269041		FALSE	FALSE	TRUE	C0DEED	http://abs.twimg.com/images/themes/theme17/bg.gif	https://abs.twimg.com/images/themes/theme17/bg.gif	FALSE	http://pbs.twimg.com/profile_images/1272776111722770432/4ZvQTfXv_normal.jpg	https://pbs.twimg.com/profile_images/1272776111722770432/4ZvQTfXv_normal.jpg	https://pbs.twimg.com/profile_banners/380648579/1626235681	0084B4	DBE9ED	E6F6F9	333333	TRUE	FALSE	FALSE	FALSE	FALSE	FALSE	FALSE	none	46	0.104072398
0	4898091	Financial Times	FinancialTimes	London / New York / Hong Kong	The best of FT journalism, including breaking news and insight.	http://t.co/177fJYDjdc	FALSE	6952312	878	44189	4/16/07 16:54	65			FALSE	TRUE	298814		FALSE	FALSE	FALSE	FFF1E0	http://abs.twimg.com/images/themes/theme1/bg.png	https://abs.twimg.com/images/themes/theme1/bg.png	FALSE	http://pbs.twimg.com/profile_images/931161479398686721/FI3te2Sw_normal.jpg	https://pbs.twimg.com/profile_images/931161479398686721/FI3te2Sw_normal.jpg	https://pbs.twimg.com/profile_banners/4898091/1623869993	9E2F50	A7A59B	E9DECF	0	TRUE	FALSE	FALSE	FALSE	FALSE	FALSE	FALSE	none	44	0.099547511
0	5741722	NPR Politics	nprpolitics	Washington, DC	Political coverage and conversation from @NPR. Check out the NPR Politics podcast https://t.co/O5GCES2xXK and subscribe to our newsletter https://t.co/Jpr6YBuzHr	https://t.co/46mWjkSa5C	FALSE	3037373	95825	32007	5/3/07 14:45	2375			FALSE	TRUE	99527		FALSE	FALSE	FALSE	C0DEED	http://abs.twimg.com/images/themes/theme1/bg.png	https://abs.twimg.com/images/themes/theme1/bg.png	FALSE	http://pbs.twimg.com/profile_images/1208060425033662464/iv53EUUj_normal.jpg	https://pbs.twimg.com/profile_images/1208060425033662464/iv53EUUj_normal.jpg	https://pbs.twimg.com/profile_banners/5741722/1605633741	0084B4	C0DEED	DDEEF6	333333	TRUE	FALSE	FALSE	FALSE	FALSE	FALSE	FALSE	none	43	0.097285068
0	2768501	ABC News	abcnews	Australia	Latest news updates (mostly automated) from the Australian Broadcasting Corp. This is an official @abcaustralia account.	http://t.co/knlFvfwxkf	FALSE	1799119	1193	12895	3/29/07 2:15	2725			TRUE	TRUE	326507		FALSE	FALSE	FALSE	0	http://abs.twimg.com/images/themes/theme1/bg.png	https://abs.twimg.com/images/themes/theme1/bg.png	FALSE	http://pbs.twimg.com/profile_images/1034589406005317632/Cdi3F2ro_normal.jpg	https://pbs.twimg.com/profile_images/1034589406005317632/Cdi3F2ro_normal.jpg	https://pbs.twimg.com/profile_banners/2768501/1624321744	0000FF	CCCCCC	C8C8C8	0	TRUE	FALSE	FALSE	FALSE	FALSE	FALSE	FALSE	none	43	0.097285068
0	19701628	BBC	BBC	TV. Radio. Online	Our mission is to enrich your life and to inform, educate and entertain you, wherever you are.	http://t.co/9Yv7DJ1Pmu	FALSE	1834222	218	12657	1/29/09 8:30	3639			FALSE	TRUE	36125		FALSE	FALSE	FALSE	0	http://abs.twimg.com/images/themes/theme1/bg.png	https://abs.twimg.com/images/themes/theme1/bg.png	FALSE	http://pbs.twimg.com/profile_images/1380515236801884165/rcz9TuiU_normal.jpg	https://pbs.twimg.com/profile_images/1380515236801884165/rcz9TuiU_normal.jpg	https://pbs.twimg.com/profile_banners/19701628/1618812284	0	0	DDEEF6	333333	FALSE	FALSE	FALSE	FALSE	FALSE	FALSE	FALSE	regular	41	0.092760181
0	16815644	ABC News Politics	ABCPolitics	Washington, DC	Reports from @ABC News' political team.	https://t.co/SO3M0qceOH	FALSE	991233	474	7914	10/16/08 22:43	105			FALSE	TRUE	172331		FALSE	FALSE	FALSE	FFFFFF	http://abs.twimg.com/images/themes/theme1/bg.png	https://abs.twimg.com/images/themes/theme1/bg.png	FALSE	http://pbs.twimg.com/profile_images/1083377873811984386/EONbRz3x_normal.jpg	https://pbs.twimg.com/profile_images/1083377873811984386/EONbRz3x_normal.jpg	https://pbs.twimg.com/profile_banners/16815644/1401371089	336699	B7CFDE	88A0B3	0	TRUE	FALSE	FALSE	FALSE	FALSE	FALSE	FALSE	none	40	0.090497738
0	8.00707e+17	Axios	axios	""	Smart Brevity worthy of people's time, attention and trust. Subscribe to our newsletters: https://t.co/JCzYNLRRbk	https://t.co/B5SXhPF5gM	FALSE	589121	930	7818	11/21/16 14:28	572			TRUE	TRUE	94435		FALSE	FALSE	FALSE	F5F8FA			FALSE	http://pbs.twimg.com/profile_images/1250736366872395779/NVnHvjJ7_normal.jpg	https://pbs.twimg.com/profile_images/1250736366872395779/NVnHvjJ7_normal.jpg	https://pbs.twimg.com/profile_banners/800707492346925056/1587033794	1DA1F2	C0DEED	DDEEF6	333333	TRUE	FALSE	TRUE	FALSE	FALSE	FALSE	FALSE	none	38	0.085972851
0	6107422	The Times	thetimes	London	"The best of our journalism.
Subscribe here: https://t.co/Kq4ItERnQC
Speak to our customer service team: https://t.co/VIDSflmdIL"	http://t.co/GAsNZkMcoP	FALSE	1560998	777	12552	5/17/07 13:35	2066			TRUE	TRUE	231735		FALSE	FALSE	FALSE	EFEFEF	http://abs.twimg.com/images/themes/theme1/bg.png	https://abs.twimg.com/images/themes/theme1/bg.png	TRUE	http://pbs.twimg.com/profile_images/1273572997614440450/ULkR08Er_normal.png	https://pbs.twimg.com/profile_images/1273572997614440450/ULkR08Er_normal.png	https://pbs.twimg.com/profile_banners/6107422/1623323912	0	FFFFFF	FFFFFF	0	TRUE	FALSE	FALSE	FALSE	FALSE	FALSE	FALSE	none	37	0.083710407
0	87416722	Sky News Breaking	SkyNewsBreak	London, UK	The latest breaking news, direct from the Sky News team. Tweet @skynews with any questions or queries.	http://t.co/EIlY6uS0D1	FALSE	4773532	3	20976	11/4/09 11:25	0			FALSE	TRUE	54977		FALSE	FALSE	TRUE	8895A5	http://abs.twimg.com/images/themes/theme1/bg.png	https://abs.twimg.com/images/themes/theme1/bg.png	FALSE	http://pbs.twimg.com/profile_images/1400331894638665729/xmSDustN_normal.jpg	https://pbs.twimg.com/profile_images/1400331894638665729/xmSDustN_normal.jpg	https://pbs.twimg.com/profile_banners/87416722/1622703861	385FAC	0	BDD6FF	0	TRUE	FALSE	FALSE	FALSE	FALSE	FALSE	FALSE	none	37	0.083710407
0	14159148	United Nations	UN	New York, NY	"Official account of the United Nations. 
For peace, dignity & equality on a healthy planet."	https://t.co/kgJqUNDMpy	FALSE	14055186	1188	41646	3/16/08 20:15	1548			TRUE	TRUE	80359		FALSE	FALSE	FALSE	0197D6	http://abs.twimg.com/images/themes/theme1/bg.png	https://abs.twimg.com/images/themes/theme1/bg.png	FALSE	http://pbs.twimg.com/profile_images/1323749922005524485/LjJsuyU4_normal.jpg	https://pbs.twimg.com/profile_images/1323749922005524485/LjJsuyU4_normal.jpg	https://pbs.twimg.com/profile_banners/14159148/1607000252	3B94D9	FFFFFF	DDEEF6	333333	FALSE	TRUE	FALSE	FALSE	FALSE	FALSE	FALSE	regular	34	0.076923077
0	14606079	ProPublica	propublica	New York, NY	Pursuing stories with moral force. Send us things: https://t.co/65TVqwLWyE. Newsletter: https://t.co/OBkLwhIaYB.	http://t.co/Fqv83dHVfq	FALSE	927089	522	17983	4/30/08 21:17	7199			FALSE	TRUE	86621		FALSE	FALSE	FALSE	DFE9F3	http://abs.twimg.com/images/themes/theme2/bg.gif	https://abs.twimg.com/images/themes/theme2/bg.gif	FALSE	http://pbs.twimg.com/profile_images/902174720040292354/rLSBbM4r_normal.jpg	https://pbs.twimg.com/profile_images/902174720040292354/rLSBbM4r_normal.jpg	https://pbs.twimg.com/profile_banners/14606079/1503930270	5287B5	FFFFFF	FFFFFF	30303	FALSE	FALSE	FALSE	FALSE	TRUE	FALSE	FALSE	none	34	0.076923077
0	1209936918	One America News	OANN	""	Your nation. Your news. #OANN	http://t.co/pWqf41e3no	FALSE	1495729	74	5546	2/22/13 22:24	3449			TRUE	TRUE	139131		FALSE	FALSE	FALSE	EBEBEB	http://abs.twimg.com/images/themes/theme7/bg.gif	https://abs.twimg.com/images/themes/theme7/bg.gif	FALSE	http://pbs.twimg.com/profile_images/579744264751448064/DH0xDrdO_normal.jpg	https://pbs.twimg.com/profile_images/579744264751448064/DH0xDrdO_normal.jpg	https://pbs.twimg.com/profile_banners/1209936918/1625763190	990000	FFFFFF	DDEEF6	333333	FALSE	FALSE	FALSE	FALSE	FALSE	FALSE	FALSE	none	34	0.076923077
0	39308549	Daily Caller	DailyCaller	Washington, DC	The journalists who love America.	https://t.co/5zfGWJsWRQ	FALSE	786130	7464	7154	5/11/09 18:31	3533			TRUE	TRUE	338254		FALSE	FALSE	FALSE	D2D2D2	http://abs.twimg.com/images/themes/theme1/bg.png	https://abs.twimg.com/images/themes/theme1/bg.png	FALSE	http://pbs.twimg.com/profile_images/1141459766637662209/FOCXtzk4_normal.jpg	https://pbs.twimg.com/profile_images/1141459766637662209/FOCXtzk4_normal.jpg	https://pbs.twimg.com/profile_banners/39308549/1622135382	274479	FFFFFF	DDEEF6	333333	TRUE	FALSE	FALSE	FALSE	FALSE	FALSE	FALSE	none	33	0.074660633
0	457984599	Breitbart News	BreitbartNews	""	News, commentary, and destruction of the political/media establishment.	http://t.co/2sVbt3n6lO	FALSE	1465327	110	9176	1/8/12 1:50	894			FALSE	TRUE	147915		FALSE	FALSE	FALSE	0C0D0D	http://abs.twimg.com/images/themes/theme1/bg.png	https://abs.twimg.com/images/themes/theme1/bg.png	TRUE	http://pbs.twimg.com/profile_images/949270171755077632/dw3M-58z_normal.jpg	https://pbs.twimg.com/profile_images/949270171755077632/dw3M-58z_normal.jpg	https://pbs.twimg.com/profile_banners/457984599/1359997459	FF5402	FFFFFF	DDEEF6	333333	TRUE	FALSE	FALSE	FALSE	FALSE	FALSE	FALSE	none	32	0.07239819
0	16012783	The Daily Beast	thedailybeast	New York, NY	"Independent. Intelligent. Influential. Send tips to tips@thedailybeast.com

Site issues? Please email membership@thedailybeast.com"	https://t.co/SvfB2QAbw0	FALSE	1329222	1017	22928	8/27/08 15:24	3138			TRUE	TRUE	354151		FALSE	FALSE	FALSE	363636	http://abs.twimg.com/images/themes/theme1/bg.png	https://abs.twimg.com/images/themes/theme1/bg.png	TRUE	http://pbs.twimg.com/profile_images/1234868520040771584/28a_ytJJ_normal.jpg	https://pbs.twimg.com/profile_images/1234868520040771584/28a_ytJJ_normal.jpg	https://pbs.twimg.com/profile_banners/16012783/1622570149	FF0000	FFFFFF	F6F5EF	0	TRUE	FALSE	FALSE	FALSE	TRUE	FALSE	FALSE	none	31	0.070135747
0	20562637	Business Insider	BusinessInsider	New York, NY	What you want to know about business. A section of @thisisinsider. Follow us on Facebook, Instagram, and YouTube. Visit our homepage for the day's top stories.	https://t.co/qJiLYVC7Jx	FALSE	3365078	387	33982	2/11/09 1:18	1936			FALSE	TRUE	693209		FALSE	FALSE	FALSE	185F7C	http://abs.twimg.com/images/themes/theme14/bg.gif	https://abs.twimg.com/images/themes/theme14/bg.gif	FALSE	http://pbs.twimg.com/profile_images/1199017286780231684/P_hQmsjg_normal.jpg	https://pbs.twimg.com/profile_images/1199017286780231684/P_hQmsjg_normal.jpg	https://pbs.twimg.com/profile_banners/20562637/1588193428	185F7C	EEEEEE	EFEFEF	333333	FALSE	FALSE	FALSE	FALSE	FALSE	FALSE	FALSE	none	30	0.067873303
0	10774652	TheBlaze	theblaze	Dallas, TX	News and entertainment for people who love America	https://t.co/ZNQk8Vwbfj	FALSE	679853	698	6376	12/1/07 22:23	4567			TRUE	TRUE	136142		FALSE	FALSE	FALSE	E91E24	http://abs.twimg.com/images/themes/theme14/bg.gif	https://abs.twimg.com/images/themes/theme14/bg.gif	FALSE	http://pbs.twimg.com/profile_images/1069445516579102721/G5Un5uKM_normal.jpg	https://pbs.twimg.com/profile_images/1069445516579102721/G5Un5uKM_normal.jpg	https://pbs.twimg.com/profile_banners/10774652/1543810955	E91E24	FFFFFF	EFEFEF	333333	TRUE	FALSE	FALSE	FALSE	FALSE	FALSE	FALSE	none	30	0.067873303
0	20545835	Newsmax	newsmax	United States	Watch Newsmax now on DirecTV 349, Xfinity 1115, Dish 216, Spectrum, Optimum 102, Cox, Fios 615, Uverse 1220, Suddenlink 102, YouTube and more here: https://t.co/rs8XZDalW3	http://t.co/x0Mdx0P2eO	FALSE	918282	583	4345	2/10/09 21:04	1036			TRUE	TRUE	117959		FALSE	FALSE	FALSE	F4F7FB	http://abs.twimg.com/images/themes/theme2/bg.gif	https://abs.twimg.com/images/themes/theme2/bg.gif	FALSE	http://pbs.twimg.com/profile_images/1394735604269817857/AXKKo6XT_normal.jpg	https://pbs.twimg.com/profile_images/1394735604269817857/AXKKo6XT_normal.jpg	https://pbs.twimg.com/profile_banners/20545835/1621263045	295AAB	FFFFFF	DAECF4	663B12	TRUE	FALSE	FALSE	FALSE	FALSE	FALSE	FALSE	none	30	0.067873303
0	82689705	The New Republic	newrepublic	New York, NY	Founded in 1914, The New Republic is a magazine of interpretation and opinion for a rapidly changing world.	http://t.co/re8z4ATEzZ	FALSE	176864	1609	5760	10/15/09 19:15	1602			FALSE	TRUE	139814		FALSE	FALSE	FALSE	0F0E0E	http://abs.twimg.com/images/themes/theme1/bg.png	https://abs.twimg.com/images/themes/theme1/bg.png	TRUE	http://pbs.twimg.com/profile_images/1230590491965652997/V_c9TZOr_normal.jpg	https://pbs.twimg.com/profile_images/1230590491965652997/V_c9TZOr_normal.jpg	https://pbs.twimg.com/profile_banners/82689705/1582234641	209DA9	FFFFFF	ABA1A1	0A0A0A	FALSE	FALSE	FALSE	FALSE	TRUE	FALSE	FALSE	none	30	0.067873303
0	4081106480	The Daily Wire	realDailyWire	Nashville, USA	Official Twitter feed of The Daily Wire. Support@DailyWire.com for assistance.	https://t.co/U0hWl3dzjQ	FALSE	625923	3008	2775	10/31/15 15:42	10410			FALSE	TRUE	145668		FALSE	FALSE	FALSE	C0DEED	http://abs.twimg.com/images/themes/theme1/bg.png	https://abs.twimg.com/images/themes/theme1/bg.png	TRUE	http://pbs.twimg.com/profile_images/1050885601778528256/MyEPKgfM_normal.jpg	https://pbs.twimg.com/profile_images/1050885601778528256/MyEPKgfM_normal.jpg	https://pbs.twimg.com/profile_banners/4081106480/1623426430	0084B4	0	0	0	TRUE	FALSE	FALSE	FALSE	FALSE	FALSE	FALSE	none	29	0.06561086
0	20094138	RealClearPolitics	RealClearNews	""	RealClearPolitics (RCP) is an independent, non-partisan media company that is the trusted source for the best news, analysis and commentary.	http://t.co/J55LkkCV01	FALSE	211850	1132	4264	2/4/09 21:11	223			FALSE	TRUE	24488		FALSE	FALSE	FALSE	DA1A16	http://abs.twimg.com/images/themes/theme1/bg.png	https://abs.twimg.com/images/themes/theme1/bg.png	TRUE	http://pbs.twimg.com/profile_images/892834958414368768/gOd8REHP_normal.jpg	https://pbs.twimg.com/profile_images/892834958414368768/gOd8REHP_normal.jpg	https://pbs.twimg.com/profile_banners/20094138/1489002533	332AF4	FFFFFF	FFFFFF	333333	TRUE	FALSE	FALSE	FALSE	FALSE	FALSE	FALSE	none	29	0.06561086
0	14700316	Human Rights Watch	hrw	""	Exposing #HumanRights abuses around the world. Join us to help end them!  Staff: https://t.co/5K1Yz7Fa9P Instagram: https://t.co/fEBILoNRSv	http://t.co/zvVUfargRh	FALSE	4726091	21025	22131	5/8/08 13:42	13728			FALSE	TRUE	116591		FALSE	FALSE	FALSE	6697CC	http://abs.twimg.com/images/themes/theme1/bg.png	https://abs.twimg.com/images/themes/theme1/bg.png	FALSE	http://pbs.twimg.com/profile_images/649554726212739073/wK-k9v5P_normal.png	https://pbs.twimg.com/profile_images/649554726212739073/wK-k9v5P_normal.png	https://pbs.twimg.com/profile_banners/14700316/1626107491	0084B4	1B1F19	AA6C64	292929	TRUE	FALSE	FALSE	FALSE	FALSE	FALSE	FALSE	none	27	0.061085973
0	2329066872	The Intercept	theintercept	New York, NY	Fearless, adversarial journalism. Join our newsletter to get our best investigative reporting delivered to you: https://t.co/0hWiq95x3e	https://t.co/PW7mSA7fVT	FALSE	863983	365	12414	2/5/14 16:49	11076			FALSE	TRUE	53227		FALSE	FALSE	FALSE	0	http://abs.twimg.com/images/themes/theme15/bg.png	https://abs.twimg.com/images/themes/theme15/bg.png	FALSE	http://pbs.twimg.com/profile_images/761255184697876480/8Jssd8S5_normal.jpg	https://pbs.twimg.com/profile_images/761255184697876480/8Jssd8S5_normal.jpg	https://pbs.twimg.com/profile_banners/2329066872/1624459383	0	0	DDEEF6	333333	FALSE	FALSE	FALSE	FALSE	TRUE	FALSE	FALSE	none	26	0.058823529
0	18424289	Al Jazeera Breaking News	AJENews	Doha, Qatar	Breaking news from around the world. Follow @AJEnglish for news, unique perspectives, analysis, videos and more.	https://t.co/D38RZjLnhI	FALSE	1939967	173	19652	12/28/08 8:02	2041			FALSE	TRUE	144400		FALSE	FALSE	FALSE	FFFFFF	http://abs.twimg.com/images/themes/theme1/bg.png	https://abs.twimg.com/images/themes/theme1/bg.png	FALSE	http://pbs.twimg.com/profile_images/1190503677108400128/q7i77pmz_normal.jpg	https://pbs.twimg.com/profile_images/1190503677108400128/q7i77pmz_normal.jpg	https://pbs.twimg.com/profile_banners/18424289/1579111069	CB922A	FFFFFF	E4E2E2	333333	FALSE	FALSE	FALSE	FALSE	FALSE	FALSE	FALSE	none	24	0.054298643
0	15438913	Daily Mail Online	MailOnline	""	For the latest updates on breaking news visit our website https://t.co/5os3efxRyQ #seriouslypopular	https://t.co/fT7KB2eXic	FALSE	2626164	2239	13078	7/15/08 10:17	642			FALSE	TRUE	395170		FALSE	FALSE	TRUE	0	http://abs.twimg.com/images/themes/theme1/bg.png	https://abs.twimg.com/images/themes/theme1/bg.png	FALSE	http://pbs.twimg.com/profile_images/1194268540058193927/ca-uOgq6_normal.png	https://pbs.twimg.com/profile_images/1194268540058193927/ca-uOgq6_normal.png	https://pbs.twimg.com/profile_banners/15438913/1488911261	004EB3	FFFFFF	E3E3E3	333333	TRUE	FALSE	FALSE	FALSE	FALSE	FALSE	FALSE	regular	24	0.054298643
0	1630896181	VICE News	VICENews	Worldwide	#VICENewsTonight airs Monday‚ÄìThursday on @VICETV / #VICEonSHO on @Showtime / Sign up for the VICE News Daily Brief https://t.co/iAmmxEdiz4		FALSE	1011644	946	11108	7/29/13 17:40	4739			TRUE	TRUE	128077		FALSE	FALSE	FALSE	0	http://abs.twimg.com/images/themes/theme1/bg.png	https://abs.twimg.com/images/themes/theme1/bg.png	FALSE	http://pbs.twimg.com/profile_images/1233501220351938561/EDFKNAdi_normal.png	https://pbs.twimg.com/profile_images/1233501220351938561/EDFKNAdi_normal.png	https://pbs.twimg.com/profile_banners/1630896181/1593214220	0	FFFFFF	DDEEF6	333333	TRUE	FALSE	FALSE	FALSE	FALSE	FALSE	FALSE	regular	24	0.054298643
0	45564482	New York Magazine	NYMag	New York, NY	"The ideas, people, and cultural currents that are forever reshaping the world.
Subscribe: https://t.co/qJHNRF0aEA
For subscription questions, contact @nymagsupport"	https://t.co/h3Ulh5oQm9	FALSE	1799439	968	13545	6/8/09 13:30	1606			TRUE	TRUE	194939		FALSE	FALSE	FALSE	0	http://abs.twimg.com/images/themes/theme1/bg.png	https://abs.twimg.com/images/themes/theme1/bg.png	FALSE	http://pbs.twimg.com/profile_images/2939680330/56f025f0104892f84a84c00bdb4ec812_normal.png	https://pbs.twimg.com/profile_images/2939680330/56f025f0104892f84a84c00bdb4ec812_normal.png	https://pbs.twimg.com/profile_banners/45564482/1563400829	1F638A	0	DDEEF6	333333	TRUE	FALSE	FALSE	FALSE	FALSE	FALSE	FALSE	none	24	0.054298643
0	14437914	PBS NewsHour	NewsHour	Arlington, VA | New York, NY	PBS NewsHour is one of the most trusted news programs on TV and online.	https://t.co/MUiamBtq28	FALSE	1175266	113965	14846	4/18/08 21:57	18727			TRUE	TRUE	196977		FALSE	FALSE	FALSE	0	http://abs.twimg.com/images/themes/theme15/bg.png	https://abs.twimg.com/images/themes/theme15/bg.png	TRUE	http://pbs.twimg.com/profile_images/875456540450443265/W5yKx8um_normal.jpg	https://pbs.twimg.com/profile_images/875456540450443265/W5yKx8um_normal.jpg	https://pbs.twimg.com/profile_banners/14437914/1541434373	0084B4	FFFFFF	C0DFEC	333333	TRUE	FALSE	FALSE	FALSE	FALSE	FALSE	FALSE	none	23	0.052036199
0	23818581	VICE	VICE	""	"Original reporting on everything that matters. 

Sign up for the VICE Newsletter: https://t.co/j8Sv4pBRuV"	https://t.co/AhZRzjLghE	FALSE	2036739	10789	16825	3/11/09 20:00	3955			TRUE	TRUE	179260		FALSE	FALSE	FALSE	FFFFFF	http://abs.twimg.com/images/themes/theme1/bg.png	https://abs.twimg.com/images/themes/theme1/bg.png	FALSE	http://pbs.twimg.com/profile_images/672036189273120768/4_Esv2H4_normal.jpg	https://pbs.twimg.com/profile_images/672036189273120768/4_Esv2H4_normal.jpg	https://pbs.twimg.com/profile_banners/23818581/1579620462	077AC0	0	F7F3F2	333333	TRUE	FALSE	FALSE	FALSE	FALSE	FALSE	FALSE	none	23	0.052036199
0	15164565	Slate	Slate	""	A daily magazine on the web. Listen to ONE YEAR: 1977, out now wherever you get your podcasts.	https://t.co/XZd456t4yn	FALSE	1781134	677	30439	6/19/08 1:08	4932			TRUE	TRUE	505940		FALSE	FALSE	TRUE	670033	http://abs.twimg.com/images/themes/theme1/bg.png	https://abs.twimg.com/images/themes/theme1/bg.png	FALSE	http://pbs.twimg.com/profile_images/1158856273212973056/3I2R_Jna_normal.jpg	https://pbs.twimg.com/profile_images/1158856273212973056/3I2R_Jna_normal.jpg	https://pbs.twimg.com/profile_banners/15164565/1625754008	0084B4	87BC44	E0FF92	0	FALSE	FALSE	FALSE	FALSE	FALSE	FALSE	FALSE	none	23	0.052036199
0	9763482	New York Daily News	NYDailyNews	New York / fb.com/nydailynews	NY's Hometown Paper üçé Breaking news, national (with a NY lens), sports, politics, entertainment NYC & beyond | About https://t.co/KDbKegZY5X, Subscribe https://t.co/QhKFTQXrGm	https://t.co/92TfKB8o8e	FALSE	802210	832	10971	10/29/07 0:07	1968			TRUE	TRUE	344714		FALSE	FALSE	FALSE	EDD607	http://abs.twimg.com/images/themes/theme1/bg.png	https://abs.twimg.com/images/themes/theme1/bg.png	FALSE	http://pbs.twimg.com/profile_images/1197327700945506304/kWMTzTP1_normal.jpg	https://pbs.twimg.com/profile_images/1197327700945506304/kWMTzTP1_normal.jpg	https://pbs.twimg.com/profile_banners/9763482/1624678301	1B95E0	0	FFFFFF	0	TRUE	FALSE	FALSE	FALSE	FALSE	FALSE	FALSE	none	23	0.052036199
0	1947301	The Nation	thenation	""	The place for debate on the left. Subscribe: https://t.co/3ZHgm1UYYK	http://t.co/PpzoTPS9	FALSE	1273191	9030	14610	3/22/07 22:34	1552			TRUE	TRUE	106050		FALSE	FALSE	FALSE	FFFFFF	http://abs.twimg.com/images/themes/theme3/bg.gif	https://abs.twimg.com/images/themes/theme3/bg.gif	FALSE	http://pbs.twimg.com/profile_images/1308165490293051393/VDo09b2K_normal.png	https://pbs.twimg.com/profile_images/1308165490293051393/VDo09b2K_normal.png	https://pbs.twimg.com/profile_banners/1947301/1581442883	0084B4	FFFFFF	DDEEF6	332427	FALSE	FALSE	FALSE	FALSE	TRUE	FALSE	FALSE	none	23	0.052036199
0	1994321	FRANCE 24	FRANCE24	Paris, France	"üåç International News 24/7 in 4 languages: 
@France24_fr - @France24_en - @France24_es - @France24_ar 
üì± https://t.co/xDU6EWz22o  ‚úâÔ∏è https://t.co/ZaaXsh7FeN"	https://t.co/voM2SW5JHQ	FALSE	3639245	450	11451	3/23/07 9:40	1199			FALSE	TRUE	355414		FALSE	FALSE	FALSE	FFFFFF	http://abs.twimg.com/images/themes/theme1/bg.png	https://abs.twimg.com/images/themes/theme1/bg.png	FALSE	http://pbs.twimg.com/profile_images/1323595938343038976/hnvK-_Yp_normal.jpg	https://pbs.twimg.com/profile_images/1323595938343038976/hnvK-_Yp_normal.jpg	https://pbs.twimg.com/profile_banners/1994321/1604404628	00A7E3	0	CADAEB	013D83	TRUE	FALSE	FALSE	FALSE	FALSE	FALSE	FALSE	regular	44	0.058981233
0	15110357	Reuters Business	ReutersBiz	Around the world	The latest business and financial news from around the üåç with insights from @breakingviews	http://t.co/PsQMvEFldh	FALSE	2240827	244	25139	6/13/08 18:56	21			FALSE	TRUE	245216		FALSE	FALSE	FALSE	131516	http://abs.twimg.com/images/themes/theme14/bg.gif	https://abs.twimg.com/images/themes/theme14/bg.gif	TRUE	http://pbs.twimg.com/profile_images/877263475034042368/xbU9vTKw_normal.jpg	https://pbs.twimg.com/profile_images/877263475034042368/xbU9vTKw_normal.jpg	https://pbs.twimg.com/profile_banners/15110357/1615325561	9999	EEEEEE	EFEFEF	333333	TRUE	FALSE	FALSE	FALSE	FALSE	FALSE	FALSE	none	43	0.057640751
0	86141342	World News Tonight	ABCWorldNews	New York	The official Twitter account for @ABC's World News Tonight with @DavidMuir.	https://t.co/1JqJIy04SL	FALSE	1508494	446	10977	10/29/09 19:21	203			FALSE	TRUE	189456		FALSE	FALSE	FALSE	C7E1F2	http://abs.twimg.com/images/themes/theme1/bg.png	https://abs.twimg.com/images/themes/theme1/bg.png	FALSE	http://pbs.twimg.com/profile_images/875407557862543362/aLb2pZIS_normal.jpg	https://pbs.twimg.com/profile_images/875407557862543362/aLb2pZIS_normal.jpg	https://pbs.twimg.com/profile_banners/86141342/1491916032	3366	FFFFFF	DDEEF6	0	TRUE	FALSE	FALSE	FALSE	FALSE	FALSE	FALSE	none	42	0.056300268
0	21866939	ITV News	itvnews	United Kingdom	Breaking news and the biggest stories from the UK and around the world. Bulletins weekdays at 1:30pm, 6:30pm and 10pm on ITV. Email yourstory@itv.com	https://t.co/a6E93qvfJx	FALSE	2418711	1513	8025	2/25/09 13:51	560			TRUE	TRUE	234779		FALSE	FALSE	TRUE	6473	http://abs.twimg.com/images/themes/theme1/bg.png	https://abs.twimg.com/images/themes/theme1/bg.png	TRUE	http://pbs.twimg.com/profile_images/1148175349915799552/aGtEPm7b_normal.png	https://pbs.twimg.com/profile_images/1148175349915799552/aGtEPm7b_normal.png	https://pbs.twimg.com/profile_banners/21866939/1539874746	6473	FFFFFF	DDFFCC	333333	TRUE	FALSE	FALSE	FALSE	FALSE	FALSE	FALSE	regular	40	0.053619303
0	6134882	DW News	dwnews	Germany	We really know Germany üá©üá™. Follow us for trustworthy news and analysis from our reporters around the world. We also have a sense of humor. Sometimes.	http://t.co/ML6KVz2uXR	FALSE	508402	600	7083	5/18/07 11:00	4284			FALSE	TRUE	293895		FALSE	FALSE	FALSE	F5F4F2	http://abs.twimg.com/images/themes/theme1/bg.png	https://abs.twimg.com/images/themes/theme1/bg.png	FALSE	http://pbs.twimg.com/profile_images/900261211509489666/-1Fu5hU8_normal.jpg	https://pbs.twimg.com/profile_images/900261211509489666/-1Fu5hU8_normal.jpg	https://pbs.twimg.com/profile_banners/6134882/1608635046	0099FF	FFFFFF	E8E8E8	333333	FALSE	FALSE	FALSE	FALSE	FALSE	FALSE	FALSE	none	38	0.050938338
